{"is_source_file": false, "format": "", "description": "", "external_files": [], "external_methods": [], "published": [], "classes": [], "methods": [], "calls": [], "search-terms": [], "state": 2, "file_id": 1, "knowledge_revision": 15, "git_revision": "fd22d341ddef00acd75fa66a4a775c2a5130856a", "hash": "c5a2c0246137a06c70bc977db4b1d4f5", "format-version": 4, "code-base-name": "wifi_management_frontend", "filename": "README.md", "revision_history": [{"15": "fd22d341ddef00acd75fa66a4a775c2a5130856a"}]}