{"is_source_file": false, "format": "", "description": "", "external_files": [], "external_methods": [], "published": [], "classes": [], "methods": [], "calls": [], "search-terms": [], "state": 2, "file_id": 6, "knowledge_revision": 54, "git_revision": "e4ead43398e91af5092326ed1e72b216e06178eb", "hash": "78287feeec016f6bff76c1547dbe92a1", "format-version": 4, "code-base-name": "wifi_management_frontend", "filename": "wifi_management_frontend/src/index.css", "revision_history": [{"54": "e4ead43398e91af5092326ed1e72b216e06178eb"}]}