{"is_source_file": true, "format": "JavaScript", "description": "The file is a React component for the Client Detail Page in a Wi-Fi network management frontend. It handles fetching and displaying detailed information about a specific client, including device info, signal strength, and control actions like blocking/unblocking a device.", "external_files": ["../../api", "../../components/ui", "react-router-dom"], "external_methods": ["clientsService.get", "clientsService.update", "networksService.list", "useParams", "useNavigate"], "published": ["ClientDetailPage"], "classes": [], "methods": [{"name": "normalizeApiErrorMessage(err)", "description": "Formats error messages received from API responses.", "scope": "", "scopeKind": ""}, {"name": "safeNumber(v, fallback = null)", "description": "Converts a value to a finite number, with a fallback option.", "scope": "", "scopeKind": ""}, {"name": "statusToBadge(status, blocked)", "description": "Converts device status and blocked state into a badge variant and label.", "scope": "", "scopeKind": ""}, {"name": "rssiToBadge(rssi)", "description": "Converts RSSI value into a badge representing signal strength.", "scope": "", "scopeKind": ""}, {"name": "normalizeClient(raw)", "description": "Normalizes different backend payloads into a standard client object.", "scope": "", "scopeKind": ""}, {"name": "formatTimestamp(value)", "description": "Formats date/time values into a locale string or default.", "scope": "", "scopeKind": ""}, {"name": "ClientDetailPage()", "scope": "", "scopeKind": "", "description": "unavailable"}], "calls": ["clientsService.get", "networksService.list", "clientsService.update", "normalizeApiErrorMessage", "normalizeClient", "useParams", "useNavigate", "setClient", "setNetworks", "setLoading", "setErrorMessage", "setBusy", "fetchAll"], "search-terms": ["ClientDetailPage", "normalizeClient", "statusToBadge", "rssiToBadge", "clientId", "api", "network", "blocking", "device info", "Wi-Fi client", "react-router-dom"], "state": 2, "file_id": 20, "knowledge_revision": 114, "git_revision": "b760309fd8ec24d9309d09c4e74a8fc0c6dc6431", "revision_history": [{"48": "458cbef614d06b0778e7dc5714257f3d0fcc8ff4"}, {"72": "b760309fd8ec24d9309d09c4e74a8fc0c6dc6431"}, {"114": "b760309fd8ec24d9309d09c4e74a8fc0c6dc6431"}], "ctags": [{"_type": "tag", "name": "ClientDetailPage", "path": "/home/kavia/workspace/code-generation/wifi-network-management-system-229868-229877/wifi_management_frontend/src/pages/clients/ClientDetailPage.js", "pattern": "/^function ClientDetailPage() {$/", "language": "JavaScript", "kind": "function", "signature": "()"}, {"_type": "tag", "name": "formatTimestamp", "path": "/home/kavia/workspace/code-generation/wifi-network-management-system-229868-229877/wifi_management_frontend/src/pages/clients/ClientDetailPage.js", "pattern": "/^function formatTimestamp(value) {$/", "language": "JavaScript", "kind": "function", "signature": "(value)"}, {"_type": "tag", "name": "normalizeApiErrorMessage", "path": "/home/kavia/workspace/code-generation/wifi-network-management-system-229868-229877/wifi_management_frontend/src/pages/clients/ClientDetailPage.js", "pattern": "/^function normalizeApiErrorMessage(err) {$/", "language": "JavaScript", "kind": "function", "signature": "(err)"}, {"_type": "tag", "name": "normalizeClient", "path": "/home/kavia/workspace/code-generation/wifi-network-management-system-229868-229877/wifi_management_frontend/src/pages/clients/ClientDetailPage.js", "pattern": "/^function normalizeClient(raw) {$/", "language": "JavaScript", "kind": "function", "signature": "(raw)"}, {"_type": "tag", "name": "rssiToBadge", "path": "/home/kavia/workspace/code-generation/wifi-network-management-system-229868-229877/wifi_management_frontend/src/pages/clients/ClientDetailPage.js", "pattern": "/^function rssiToBadge(rssi) {$/", "language": "JavaScript", "kind": "function", "signature": "(rssi)"}, {"_type": "tag", "name": "safeNumber", "path": "/home/kavia/workspace/code-generation/wifi-network-management-system-229868-229877/wifi_management_frontend/src/pages/clients/ClientDetailPage.js", "pattern": "/^function safeNumber(v, fallback = null) {$/", "language": "JavaScript", "kind": "function", "signature": "(v, fallback = null)"}, {"_type": "tag", "name": "statusToBadge", "path": "/home/kavia/workspace/code-generation/wifi-network-management-system-229868-229877/wifi_management_frontend/src/pages/clients/ClientDetailPage.js", "pattern": "/^function statusToBadge(status, blocked) {$/", "language": "JavaScript", "kind": "function", "signature": "(status, blocked)"}], "hash": "ff111aee66508705c33eb64b156c415c", "format-version": 4, "code-base-name": "wifi_management_frontend", "filename": "wifi_management_frontend/src/pages/clients/ClientDetailPage.js"}