{"is_source_file": false, "format": "", "description": "", "external_files": [], "external_methods": [], "published": [], "classes": [], "methods": [], "calls": [], "search-terms": [], "state": 2, "file_id": 6, "knowledge_revision": 15, "git_revision": "bdf12f946172ddffb969259bdd0bab59e95fe764", "hash": "6c2104b8d219ed99234ae2d6329f4357", "format-version": 4, "code-base-name": "wifi_management_frontend", "filename": "wifi_management_frontend/src/index.css", "revision_history": [{"15": "bdf12f946172ddffb969259bdd0bab59e95fe764"}]}