{"is_source_file": false, "format": "", "description": "", "external_files": [], "external_methods": [], "published": [], "classes": [], "methods": [], "calls": [], "search-terms": [], "state": 2, "file_id": 37, "knowledge_revision": 94, "git_revision": "6146cc888bfb35ba4a69c54d3fa379ee1c71d43c", "ctags": [], "hash": "bca6cfb7ea5793c9c20464a05f7e34d0", "format-version": 4, "code-base-name": "wifi_management_frontend", "filename": "wifi_management_frontend/src/api/index.js", "revision_history": [{"94": "6146cc888bfb35ba4a69c54d3fa379ee1c71d43c"}]}