{"is_source_file": true, "format": "JavaScript (React JSX)", "description": "This is the main entry point for a React web application, rendering the root component into the DOM and setting up routing and strict mode.", "external_files": ["react", "react-dom/client", "react-router-dom", "./index.css", "./App"], "external_methods": ["ReactDOM.createRoot", "root.render"], "published": ["React", "ReactDOM", "BrowserRouter", "App"], "classes": [], "methods": [{"name": "ReactDOM.createRoot", "description": "Creates a React root for rendering React components into DOM."}, {"name": "root.render", "description": "Renders the React component tree into the DOM."}], "calls": ["ReactDOM.createRoot", "root.render"], "search-terms": ["React", "ReactDOM", "index.js", "app rendering", "react-router", "main entry point"], "state": 2, "file_id": 1, "knowledge_revision": 29, "git_revision": "bdf12f946172ddffb969259bdd0bab59e95fe764", "revision_history": [{"25": "bdf12f946172ddffb969259bdd0bab59e95fe764"}, {"29": "bdf12f946172ddffb969259bdd0bab59e95fe764"}], "ctags": [{"_type": "tag", "name": "root", "path": "/home/kavia/workspace/code-generation/wifi-network-management-system-229868-229877/wifi_management_frontend/src/index.js", "pattern": "/^const root = ReactDOM.createRoot(document.getElementById(\"root\"));$/", "language": "JavaScript", "kind": "constant"}], "hash": "cdf2a45db864983860baaaa16173e219", "format-version": 4, "code-base-name": "wifi_management_frontend", "filename": "wifi_management_frontend/src/index.js"}