{"is_source_file": true, "format": "JavaScript (React JSX)", "description": "This file defines a React component named DataTable that provides a client-side sortable, filterable, and paginated table for displaying row data with customizable columns.", "external_files": ["./Button"], "external_methods": ["Button"], "published": ["DataTable"], "classes": [], "methods": [{"name": "DataTable({ columns, rows, initialSort = null, filterPlaceholder = \"Filter\u2026\", pageSize = 10, rowKey = (r) => r.id })", "description": "React component for rendering a data table with sorting, filtering, and pagination.", "scope": "", "scopeKind": ""}], "calls": ["React.useMemo", "React.useState", "setQuery", "setSort", "setPage", "JSON.stringify", "rows.filter", "...rows)", "[...filtered]", "sort((a, b) => { ... })", "String(av).localeCompare(String(bv))", "setPage(1)", "setQuery(e.target.value)", "setPage((p) => Math.max(1, p - 1))", "setPage((p) => Math.min(totalPages, p + 1))", "map((c) => { ... })", "columns.map((c) => { ... })", "pageRows.map((r) => { ... })", "columns.map((c) => { ... })"], "search-terms": ["React DataTable", "client-side sort filter pagination", "React useMemo", "customizable columns", "filterPlaceholder", "rowKey function"], "state": 2, "file_id": 25, "knowledge_revision": 73, "git_revision": "a14d0d230fcbd8a01492c98ca50c827b5509367c", "ctags": [{"_type": "tag", "name": "DataTable", "path": "/home/kavia/workspace/code-generation/wifi-network-management-system-229868-229877/wifi_management_frontend/src/components/DataTable.js", "pattern": "/^export function DataTable({ columns, rows, initialSort = null, filterPlaceholder = \"Filter\u2026\", /", "language": "JavaScript", "kind": "function", "signature": "({ columns, rows, initialSort = null, filterPlaceholder = \"Filter\u2026\", pageSize = 10, rowKey = (r) => r.id })"}], "hash": "f6570dc802dec50102c520cf9e220f50", "format-version": 4, "code-base-name": "wifi_management_frontend", "filename": "wifi_management_frontend/src/components/DataTable.js", "revision_history": [{"73": "a14d0d230fcbd8a01492c98ca50c827b5509367c"}]}