{"is_source_file": true, "format": "JavaScript (React JSX)", "description": "This file defines a React functional component named 'NetworksListPage' which renders a page listing network SSIDs with associated properties and navigation links to network details. It includes a static list of networks for display purposes.", "external_files": ["react", "react-router-dom"], "external_methods": ["Link (from react-router-dom)"], "published": ["NetworksListPage"], "classes": [], "methods": [{"name": "NetworksListPage()", "description": "React functional component that renders a network list with navigation links.", "scope": "", "scopeKind": ""}], "calls": ["React", "Link to"], "search-terms": ["NetworksListPage", "SSID list", "router link", "network management", "frontend network page"], "state": 2, "file_id": 17, "knowledge_revision": 52, "git_revision": "458cbef614d06b0778e7dc5714257f3d0fcc8ff4", "revision_history": [{"45": "458cbef614d06b0778e7dc5714257f3d0fcc8ff4"}, {"52": "458cbef614d06b0778e7dc5714257f3d0fcc8ff4"}], "ctags": [{"_type": "tag", "name": "NetworksListPage", "path": "/home/kavia/workspace/code-generation/wifi-network-management-system-229868-229877/wifi_management_frontend/src/pages/networks/NetworksListPage.js", "pattern": "/^function NetworksListPage() {$/", "language": "JavaScript", "kind": "function", "signature": "()"}, {"_type": "tag", "name": "stubNetworks", "path": "/home/kavia/workspace/code-generation/wifi-network-management-system-229868-229877/wifi_management_frontend/src/pages/networks/NetworksListPage.js", "pattern": "/^const stubNetworks = [$/", "language": "JavaScript", "kind": "constant"}], "hash": "461d5639b30d56168e6544d7fc4cd085", "format-version": 4, "code-base-name": "wifi_management_frontend", "filename": "wifi_management_frontend/src/pages/networks/NetworksListPage.js"}