{"is_source_file": true, "format": "JavaScript", "description": "This file is a React component implementing a clients list page for a WiFi network management frontend. It includes functions for data normalization, filtering, sorting, and rendering a table of connected clients with controls for blocking or allowing devices.", "external_files": ["../../api", "../../components/ui", "react", "react-router-dom"], "external_methods": ["clientsService.list", "clientsService.update", "networksService.list"], "published": ["ClientsListPage"], "classes": [], "methods": [{"name": "normalizeApiErrorMessage(err)", "description": "Extracts a user-friendly error message from API error objects.", "scope": "", "scopeKind": ""}, {"name": "toComparable(v)", "description": "Converts a value to a string suitable for comparison, handling null/undefined.", "scope": "", "scopeKind": ""}, {"name": "safeNumber(v, fallback = null)", "description": "Parses a value as a number, returning a fallback if invalid.", "scope": "", "scopeKind": ""}, {"name": "statusToBadge(status)", "description": "Maps a client status string to a badge variant and label.", "scope": "", "scopeKind": ""}, {"name": "computeRssiLabel(rssi)", "description": "Returns badge info for RSSI values indicating signal strength.", "scope": "", "scopeKind": ""}, {"name": "applySort(rows, sortState)", "description": "Sorts client rows based on current sort state, handling numeric and string comparisons.", "scope": "", "scopeKind": ""}, {"name": "normalizeClient(raw)", "description": "Normalizes various raw client record formats into a consistent object shape.", "scope": "", "scopeKind": ""}, {"name": "ClientsListPage()", "scope": "", "scopeKind": "", "description": "unavailable"}], "calls": ["clientsService.list", "networksService.list", "clientsService.update"], "search-terms": ["ClientsListPage", "normalizeClient", "statusToBadge", "applySort", "block/allow action", "RSSI filtering", "client normalization"], "state": 2, "file_id": 19, "knowledge_revision": 113, "git_revision": "b760309fd8ec24d9309d09c4e74a8fc0c6dc6431", "revision_history": [{"47": "458cbef614d06b0778e7dc5714257f3d0fcc8ff4"}, {"53": "458cbef614d06b0778e7dc5714257f3d0fcc8ff4"}, {"71": "b760309fd8ec24d9309d09c4e74a8fc0c6dc6431"}, {"113": "b760309fd8ec24d9309d09c4e74a8fc0c6dc6431"}], "ctags": [{"_type": "tag", "name": "ClientsListPage", "path": "/home/kavia/workspace/code-generation/wifi-network-management-system-229868-229877/wifi_management_frontend/src/pages/clients/ClientsListPage.js", "pattern": "/^function ClientsListPage() {$/", "language": "JavaScript", "kind": "function", "signature": "()"}, {"_type": "tag", "name": "applySort", "path": "/home/kavia/workspace/code-generation/wifi-network-management-system-229868-229877/wifi_management_frontend/src/pages/clients/ClientsListPage.js", "pattern": "/^function applySort(rows, sortState) {$/", "language": "JavaScript", "kind": "function", "signature": "(rows, sortState)"}, {"_type": "tag", "name": "computeRssiLabel", "path": "/home/kavia/workspace/code-generation/wifi-network-management-system-229868-229877/wifi_management_frontend/src/pages/clients/ClientsListPage.js", "pattern": "/^function computeRssiLabel(rssi) {$/", "language": "JavaScript", "kind": "function", "signature": "(rssi)"}, {"_type": "tag", "name": "loading", "path": "/home/kavia/workspace/code-generation/wifi-network-management-system-229868-229877/wifi_management_frontend/src/pages/clients/ClientsListPage.js", "pattern": "/^            disabled={loading}$/", "language": "JavaScript", "kind": "field", "scope": "disabled", "scopeKind": "class"}, {"_type": "tag", "name": "normalizeApiErrorMessage", "path": "/home/kavia/workspace/code-generation/wifi-network-management-system-229868-229877/wifi_management_frontend/src/pages/clients/ClientsListPage.js", "pattern": "/^function normalizeApiErrorMessage(err) {$/", "language": "JavaScript", "kind": "function", "signature": "(err)"}, {"_type": "tag", "name": "normalizeClient", "path": "/home/kavia/workspace/code-generation/wifi-network-management-system-229868-229877/wifi_management_frontend/src/pages/clients/ClientsListPage.js", "pattern": "/^function normalizeClient(raw) {$/", "language": "JavaScript", "kind": "function", "signature": "(raw)"}, {"_type": "tag", "name": "query", "path": "/home/kavia/workspace/code-generation/wifi-network-management-system-229868-229877/wifi_management_frontend/src/pages/clients/ClientsListPage.js", "pattern": "/^            value={query}$/", "language": "JavaScript", "kind": "field", "scope": "value", "scopeKind": "class"}, {"_type": "tag", "name": "rssiMax", "path": "/home/kavia/workspace/code-generation/wifi-network-management-system-229868-229877/wifi_management_frontend/src/pages/clients/ClientsListPage.js", "pattern": "/^            value={rssiMax}$/", "language": "JavaScript", "kind": "field", "scope": "value", "scopeKind": "class"}, {"_type": "tag", "name": "rssiMin", "path": "/home/kavia/workspace/code-generation/wifi-network-management-system-229868-229877/wifi_management_frontend/src/pages/clients/ClientsListPage.js", "pattern": "/^            value={rssiMin}$/", "language": "JavaScript", "kind": "field", "scope": "value", "scopeKind": "class"}, {"_type": "tag", "name": "safeNumber", "path": "/home/kavia/workspace/code-generation/wifi-network-management-system-229868-229877/wifi_management_frontend/src/pages/clients/ClientsListPage.js", "pattern": "/^function safeNumber(v, fallback = null) {$/", "language": "JavaScript", "kind": "function", "signature": "(v, fallback = null)"}, {"_type": "tag", "name": "statusToBadge", "path": "/home/kavia/workspace/code-generation/wifi-network-management-system-229868-229877/wifi_management_frontend/src/pages/clients/ClientsListPage.js", "pattern": "/^function statusToBadge(status) {$/", "language": "JavaScript", "kind": "function", "signature": "(status)"}, {"_type": "tag", "name": "toComparable", "path": "/home/kavia/workspace/code-generation/wifi-network-management-system-229868-229877/wifi_management_frontend/src/pages/clients/ClientsListPage.js", "pattern": "/^function toComparable(v) {$/", "language": "JavaScript", "kind": "function", "signature": "(v)"}], "hash": "117520e589aaddbd12245b963f723306", "format-version": 4, "code-base-name": "wifi_management_frontend", "filename": "wifi_management_frontend/src/pages/clients/ClientsListPage.js", "fields": [{"name": "disabled={loading}", "scope": "disabled", "scopeKind": "class", "description": "unavailable"}, {"name": "value={query}", "scope": "value", "scopeKind": "class", "description": "unavailable"}, {"name": "value={rssiMax}", "scope": "value", "scopeKind": "class", "description": "unavailable"}, {"name": "value={rssiMin}", "scope": "value", "scopeKind": "class", "description": "unavailable"}]}