{"is_source_file": true, "format": "JavaScript", "description": "This file defines the React component 'NetworksPage', which manages the UI for displaying, creating, editing, and toggling the status of Wi-Fi networks within a network management system. It includes hooks for state management, effects for data loading, and UI components for interaction.", "external_files": ["../components/DataTable", "../components/Badge", "../components/Button", "../components/Modal", "../components/States", "../components/NetworkForm", "../services", "../state/AppStateContext", "../state/AuthContext", "../state/ToastContext"], "external_methods": ["networkService.list", "networkService.update", "networkService.create"], "published": ["NetworksPage"], "classes": [], "methods": [{"name": "enabledBadge(enabled)", "description": "Helper function that returns a Badge component indicating whether a network is enabled or disabled.", "scope": "", "scopeKind": ""}, {"name": "NetworksPage()", "scope": "", "scopeKind": "", "description": "unavailable"}], "calls": ["useOutletContext", "useAuth", "useAppState", "useToasts", "useState", "useEffect", "useMemo", "networkService.list", "networkService.update", "networkService.create"], "search-terms": ["NetworksPage", "WiFi networks management", "NetworkForm", "networkService", "useAuth", "useAppState", "useToasts", "DataTable", "enabledBadge", "React"], "state": 2, "file_id": 32, "knowledge_revision": 80, "git_revision": "a14d0d230fcbd8a01492c98ca50c827b5509367c", "ctags": [{"_type": "tag", "name": "8", "path": "/home/kavia/workspace/code-generation/wifi-network-management-system-229868-229877/wifi_management_frontend/src/pages/NetworksPage.js", "pattern": "/^          pageSize={8}$/", "language": "JavaScript", "kind": "field", "scope": "pageSize", "scopeKind": "class"}, {"_type": "tag", "name": "NetworksPage", "path": "/home/kavia/workspace/code-generation/wifi-network-management-system-229868-229877/wifi_management_frontend/src/pages/NetworksPage.js", "pattern": "/^export function NetworksPage() {$/", "language": "JavaScript", "kind": "function", "signature": "()"}, {"_type": "tag", "name": "columns", "path": "/home/kavia/workspace/code-generation/wifi-network-management-system-229868-229877/wifi_management_frontend/src/pages/NetworksPage.js", "pattern": "/^          columns={columns}$/", "language": "JavaScript", "kind": "field", "scope": "NetworksPage.columns", "scopeKind": "class"}, {"_type": "tag", "name": "confirmOpen", "path": "/home/kavia/workspace/code-generation/wifi-network-management-system-229868-229877/wifi_management_frontend/src/pages/NetworksPage.js", "pattern": "/^        open={confirmOpen}$/", "language": "JavaScript", "kind": "field", "scope": "open", "scopeKind": "class"}, {"_type": "tag", "name": "confirmTarget", "path": "/home/kavia/workspace/code-generation/wifi-network-management-system-229868-229877/wifi_management_frontend/src/pages/NetworksPage.js", "pattern": "/^        description={confirmTarget?.description}$/", "language": "JavaScript", "kind": "field", "scope": "description", "scopeKind": "class"}, {"_type": "tag", "name": "confirmTarget", "path": "/home/kavia/workspace/code-generation/wifi-network-management-system-229868-229877/wifi_management_frontend/src/pages/NetworksPage.js", "pattern": "/^        title={confirmTarget?.title}$/", "language": "JavaScript", "kind": "field", "scope": "title", "scopeKind": "class"}, {"_type": "tag", "name": "editOpen", "path": "/home/kavia/workspace/code-generation/wifi-network-management-system-229868-229877/wifi_management_frontend/src/pages/NetworksPage.js", "pattern": "/^        open={editOpen}$/", "language": "JavaScript", "kind": "field", "scope": "open", "scopeKind": "class"}, {"_type": "tag", "name": "editing", "path": "/home/kavia/workspace/code-generation/wifi-network-management-system-229868-229877/wifi_management_frontend/src/pages/NetworksPage.js", "pattern": "/^          initialValues={editing}$/", "language": "JavaScript", "kind": "field", "scope": "initialValues", "scopeKind": "class"}, {"_type": "tag", "name": "editing", "path": "/home/kavia/workspace/code-generation/wifi-network-management-system-229868-229877/wifi_management_frontend/src/pages/NetworksPage.js", "pattern": "/^          submitText={editing ? \"Update\" : \"Create\"}$/", "language": "JavaScript", "kind": "field", "scope": "submitText", "scopeKind": "class"}, {"_type": "tag", "name": "editing", "path": "/home/kavia/workspace/code-generation/wifi-network-management-system-229868-229877/wifi_management_frontend/src/pages/NetworksPage.js", "pattern": "/^        title={editing ? `Edit ${editing.ssid}` : \"Create SSID\"}$/", "language": "JavaScript", "kind": "field", "scope": "title", "scopeKind": "class"}, {"_type": "tag", "name": "enabledBadge", "path": "/home/kavia/workspace/code-generation/wifi-network-management-system-229868-229877/wifi_management_frontend/src/pages/NetworksPage.js", "pattern": "/^function enabledBadge(enabled) {$/", "language": "JavaScript", "kind": "function", "signature": "(enabled)"}, {"_type": "tag", "name": "filteredRows", "path": "/home/kavia/workspace/code-generation/wifi-network-management-system-229868-229877/wifi_management_frontend/src/pages/NetworksPage.js", "pattern": "/^          rows={filteredRows}$/", "language": "JavaScript", "kind": "field", "scope": "NetworksPage.rows", "scopeKind": "class"}, {"_type": "tag", "name": "prev", "path": "/home/kavia/workspace/code-generation/wifi-network-management-system-229868-229877/wifi_management_frontend/src/pages/NetworksPage.js", "pattern": "/^              const prev = rows;$/", "language": "JavaScript", "kind": "constant", "scope": "onSubmit", "scopeKind": "class"}], "hash": "ab968517c1688de4af810bafe10718c5", "format-version": 4, "code-base-name": "wifi_management_frontend", "filename": "wifi_management_frontend/src/pages/NetworksPage.js", "fields": [{"name": "pageSize={8}", "scope": "pageSize", "scopeKind": "class", "description": "unavailable"}, {"name": "columns={columns}", "scope": "NetworksPage.columns", "scopeKind": "class", "description": "unavailable"}, {"name": "open={confirmOpen}", "scope": "open", "scopeKind": "class", "description": "unavailable"}, {"name": "description={confirmTarget?.description}", "scope": "description", "scopeKind": "class", "description": "unavailable"}, {"name": "title={confirmTarget?.title}", "scope": "title", "scopeKind": "class", "description": "unavailable"}, {"name": "open={editOpen}", "scope": "open", "scopeKind": "class", "description": "unavailable"}, {"name": "initialValues={editing}", "scope": "initialValues", "scopeKind": "class", "description": "unavailable"}, {"name": "submitText={editing ? \"Update\" : \"Create\"}", "scope": "submitText", "scopeKind": "class", "description": "unavailable"}, {"name": "title={editing ? `Edit ${editing.ssid}` : \"Create SSID\"}", "scope": "title", "scopeKind": "class", "description": "unavailable"}, {"name": "rows={filteredRows}", "scope": "NetworksPage.rows", "scopeKind": "class", "description": "unavailable"}], "revision_history": [{"80": "a14d0d230fcbd8a01492c98ca50c827b5509367c"}]}