{"is_source_file": true, "format": "JavaScript", "description": "This file provides a minimal API client wrapper for a Wi-Fi network management system front-end. It includes classes and functions for creating API clients, simulating latency, and handling errors, with placeholders for real HTTP request implementations.", "external_files": ["../config/env", "../data/mockDb"], "external_methods": ["getApiBaseUrl", "parseFeatureFlags", "delay"], "published": ["createApiClient", "withApiErrorHandling"], "classes": [{"name": "ApiClient", "description": "A minimal API client class that maintains base URL and feature flags, provides a request method (currently a placeholder), and can simulate latency."}], "methods": [{"name": "normalizeError(err)", "description": "Normalizes different error types into a standard Error object.", "scope": "", "scopeKind": ""}, {"name": "ApiClient.constructor", "description": "Initializes an ApiClient instance with optional configuration, setting base URL and feature flags."}, {"name": "ApiClient.request", "description": "Placeholder method for making API requests; currently throws an error to indicate real HTTP integration is not enabled."}, {"name": "ApiClient.simulateLatency", "description": "Simulates network latency by delaying execution for the specified milliseconds."}, {"name": "createApiClient()", "description": "Creates and returns a new ApiClient instance configured via environment variables.", "scope": "", "scopeKind": ""}, {"name": "withApiErrorHandling(fn)", "description": "Wraps an async function to handle errors uniformly by normalizing exceptions.", "scope": "", "scopeKind": ""}, {"name": "constructor({ baseUrl, featureFlags } = {})", "scope": "ApiClient", "scopeKind": "class", "description": "unavailable"}, {"name": "request(_path, _options = {})", "scope": "ApiClient", "scopeKind": "class", "description": "unavailable"}, {"name": "simulateLatency(ms = 450)", "scope": "ApiClient", "scopeKind": "class", "description": "unavailable"}], "calls": ["getApiBaseUrl", "parseFeatureFlags", "delay"], "search-terms": ["ApiClient", "simulateLatency", "withApiErrorHandling", "minimal API client", "mock adapters", "error normalization"], "state": 2, "file_id": 15, "knowledge_revision": 63, "git_revision": "a14d0d230fcbd8a01492c98ca50c827b5509367c", "ctags": [{"_type": "tag", "name": "ApiClient", "path": "/home/kavia/workspace/code-generation/wifi-network-management-system-229868-229877/wifi_management_frontend/src/services/apiClient.js", "pattern": "/^export class ApiClient {$/", "language": "JavaScript", "kind": "class"}, {"_type": "tag", "name": "constructor", "path": "/home/kavia/workspace/code-generation/wifi-network-management-system-229868-229877/wifi_management_frontend/src/services/apiClient.js", "pattern": "/^  constructor({ baseUrl, featureFlags } = {}) {$/", "language": "JavaScript", "kind": "method", "signature": "({ baseUrl, featureFlags } = {})", "scope": "ApiClient", "scopeKind": "class"}, {"_type": "tag", "name": "createApiClient", "path": "/home/kavia/workspace/code-generation/wifi-network-management-system-229868-229877/wifi_management_frontend/src/services/apiClient.js", "pattern": "/^export function createApiClient() {$/", "language": "JavaScript", "kind": "function", "signature": "()"}, {"_type": "tag", "name": "normalizeError", "path": "/home/kavia/workspace/code-generation/wifi-network-management-system-229868-229877/wifi_management_frontend/src/services/apiClient.js", "pattern": "/^function normalizeError(err) {$/", "language": "JavaScript", "kind": "function", "signature": "(err)"}, {"_type": "tag", "name": "request", "path": "/home/kavia/workspace/code-generation/wifi-network-management-system-229868-229877/wifi_management_frontend/src/services/apiClient.js", "pattern": "/^  async request(_path, _options = {}) {$/", "language": "JavaScript", "kind": "method", "signature": "(_path, _options = {})", "scope": "ApiClient", "scopeKind": "class"}, {"_type": "tag", "name": "simulateLatency", "path": "/home/kavia/workspace/code-generation/wifi-network-management-system-229868-229877/wifi_management_frontend/src/services/apiClient.js", "pattern": "/^  async simulateLatency(ms = 450) {$/", "language": "JavaScript", "kind": "method", "signature": "(ms = 450)", "scope": "ApiClient", "scopeKind": "class"}, {"_type": "tag", "name": "withApiErrorHandling", "path": "/home/kavia/workspace/code-generation/wifi-network-management-system-229868-229877/wifi_management_frontend/src/services/apiClient.js", "pattern": "/^export function withApiErrorHandling(fn) {$/", "language": "JavaScript", "kind": "function", "signature": "(fn)"}], "hash": "8e3c2e982e48e85eb797289d2b6ed14e", "format-version": 4, "code-base-name": "wifi_management_frontend", "filename": "wifi_management_frontend/src/services/apiClient.js", "revision_history": [{"63": "a14d0d230fcbd8a01492c98ca50c827b5509367c"}]}