{"is_source_file": false, "format": "", "description": "", "external_files": [], "external_methods": [], "published": [], "classes": [], "methods": [], "calls": [], "search-terms": [], "state": 2, "file_id": 9, "knowledge_revision": 27, "git_revision": "4c1a4804e3fadbe01041f24e0d2bcea596e5e1e3", "hash": "4689c3f53dc8e8def17caa5aec5963c9", "format-version": 4, "code-base-name": "wifi_management_frontend", "filename": "wifi_management_frontend/src/index.css", "revision_history": [{"27": "4c1a4804e3fadbe01041f24e0d2bcea596e5e1e3"}]}