{"is_source_file": true, "file_id": 17, "git_revision": "", "state": 1, "description": "", "external_files": [], "external_methods": [], "published": [], "classes": [], "methods": [], "calls": [], "search-terms": [], "ctags": [{"_type": "tag", "name": "NetworksListPage", "path": "/home/kavia/workspace/code-generation/wifi-network-management-system-229868-229877/wifi_management_frontend/src/pages/networks/NetworksListPage.js", "pattern": "/^function NetworksListPage() {$/", "language": "JavaScript", "kind": "function", "signature": "()"}, {"_type": "tag", "name": "stubNetworks", "path": "/home/kavia/workspace/code-generation/wifi-network-management-system-229868-229877/wifi_management_frontend/src/pages/networks/NetworksListPage.js", "pattern": "/^const stubNetworks = [$/", "language": "JavaScript", "kind": "constant"}], "format": "JavaScript", "hash": "ed8b4b94a1e7afce8345363dcd1ebf3c", "format-version": 4, "code-base-name": "wifi_management_frontend", "filename": "wifi_management_frontend/src/pages/networks/NetworksListPage.js", "knowledge_revision": 35}