{"is_source_file": true, "format": "JavaScript", "description": "This file defines React context and hooks to manage the application's state, including theme settings and selected network/AP identifiers, with local storage persistence.", "external_files": ["react"], "external_methods": ["React.createContext", "React.useContext", "React.useEffect", "React.useMemo", "React.useState"], "published": ["AppStateProvider", "useAppState"], "classes": [], "methods": [{"name": "safeLocalStorageGet(key, fallback)", "description": "Safely retrieves a value from local storage with a fallback.", "scope": "", "scopeKind": ""}, {"name": "safeLocalStorageSet(key, value)", "description": "Safely sets a value in local storage.", "scope": "", "scopeKind": ""}, {"name": "AppStateProvider({ children })", "description": "Provides application state context including theme and selected network/Ap, with persistence.", "scope": "", "scopeKind": ""}, {"name": "useAppState()", "description": "Custom hook to access application state context.", "scope": "", "scopeKind": ""}], "calls": ["document.documentElement.setAttribute", "safeLocalStorageGet", "safeLocalStorageSet"], "search-terms": ["AppStateContext", "useAppState", "React context", "local storage persistence", "theme management", "network selection"], "state": 2, "file_id": 19, "knowledge_revision": 67, "git_revision": "a14d0d230fcbd8a01492c98ca50c827b5509367c", "ctags": [{"_type": "tag", "name": "AppStateContext", "path": "/home/kavia/workspace/code-generation/wifi-network-management-system-229868-229877/wifi_management_frontend/src/state/AppStateContext.js", "pattern": "/^const AppStateContext = createContext(null);$/", "language": "JavaScript", "kind": "constant"}, {"_type": "tag", "name": "AppStateProvider", "path": "/home/kavia/workspace/code-generation/wifi-network-management-system-229868-229877/wifi_management_frontend/src/state/AppStateContext.js", "pattern": "/^export function AppStateProvider({ children }) {$/", "language": "JavaScript", "kind": "function", "signature": "({ children })"}, {"_type": "tag", "name": "safeLocalStorageGet", "path": "/home/kavia/workspace/code-generation/wifi-network-management-system-229868-229877/wifi_management_frontend/src/state/AppStateContext.js", "pattern": "/^function safeLocalStorageGet(key, fallback) {$/", "language": "JavaScript", "kind": "function", "signature": "(key, fallback)"}, {"_type": "tag", "name": "safeLocalStorageSet", "path": "/home/kavia/workspace/code-generation/wifi-network-management-system-229868-229877/wifi_management_frontend/src/state/AppStateContext.js", "pattern": "/^function safeLocalStorageSet(key, value) {$/", "language": "JavaScript", "kind": "function", "signature": "(key, value)"}, {"_type": "tag", "name": "useAppState", "path": "/home/kavia/workspace/code-generation/wifi-network-management-system-229868-229877/wifi_management_frontend/src/state/AppStateContext.js", "pattern": "/^export function useAppState() {$/", "language": "JavaScript", "kind": "function", "signature": "()"}, {"_type": "tag", "name": "value", "path": "/home/kavia/workspace/code-generation/wifi-network-management-system-229868-229877/wifi_management_frontend/src/state/AppStateContext.js", "pattern": "/^  return <AppStateContext.Provider value={value}>{children}<\\/AppStateContext.Provider>;$/", "language": "JavaScript", "kind": "field", "scope": "Provider", "scopeKind": "class"}], "hash": "510d9f036390ff076bfa02737ac3835b", "format-version": 4, "code-base-name": "wifi_management_frontend", "filename": "wifi_management_frontend/src/state/AppStateContext.js", "fields": [{"name": "return <AppStateContext.Provider value={value}>{children}<\\/AppStateContext.Provider>;", "scope": "Provider", "scopeKind": "class", "description": "unavailable"}], "revision_history": [{"67": "a14d0d230fcbd8a01492c98ca50c827b5509367c"}]}