{"is_source_file": true, "format": "JavaScript (React JSX)", "description": "This file serves as the entry point for a React application, initializing the app by rendering the 'App' component into the DOM.", "external_files": ["./index.css", "./App"], "external_methods": ["ReactDOM.createRoot", "root.render"], "published": ["React", "ReactDOM", "root", "App"], "classes": [], "methods": [{"name": "ReactDOM.createRoot", "description": "Creates a root for React rendering in the specified DOM element."}, {"name": "root.render", "description": "Renders the React component tree into the DOM."}], "calls": ["ReactDOM.createRoot", "root.render", "React.StrictMode", "App"], "search-terms": ["entry point", "React"], "state": 2, "file_id": 10, "knowledge_revision": 24, "git_revision": "4c1a4804e3fadbe01041f24e0d2bcea596e5e1e3", "ctags": [{"_type": "tag", "name": "root", "path": "/home/kavia/workspace/code-generation/wifi-network-management-system-229868-229877/wifi_management_frontend/src/index.js", "pattern": "/^const root = ReactDOM.createRoot(document.getElementById('root'));$/", "language": "JavaScript", "kind": "constant"}], "hash": "9fc5841375336fc175b49f8767a11383", "format-version": 4, "code-base-name": "wifi_management_frontend", "filename": "wifi_management_frontend/src/index.js", "revision_history": [{"24": "4c1a4804e3fadbe01041f24e0d2bcea596e5e1e3"}]}