{"is_source_file": true, "file_id": 26, "git_revision": "", "state": 1, "description": "", "external_files": [], "external_methods": [], "published": [], "classes": [], "methods": [], "calls": [], "search-terms": [], "ctags": [{"_type": "tag", "name": "NetworkForm", "path": "/home/kavia/workspace/code-generation/wifi-network-management-system-229868-229877/wifi_management_frontend/src/components/NetworkForm.js", "pattern": "/^export function NetworkForm({ initialValues, onSubmit, onCancel, submitText = \"Save\" }) {$/", "language": "JavaScript", "kind": "function", "signature": "({ initialValues, onSubmit, onCancel, submitText = \"Save\" })"}, {"_type": "tag", "name": "onSave", "path": "/home/kavia/workspace/code-generation/wifi-network-management-system-229868-229877/wifi_management_frontend/src/components/NetworkForm.js", "pattern": "/^    <form onSubmit={onSave} className=\"op-grid\" style={{ gap: 12 }}>$/", "language": "JavaScript", "kind": "field", "scope": "NetworkForm.AnonymousClass44d1a3670101", "scopeKind": "class"}], "format": "JavaScript", "hash": "1bb409505d965f523077ef6976f4df3c", "format-version": 4, "code-base-name": "wifi_management_frontend", "filename": "wifi_management_frontend/src/components/NetworkForm.js", "knowledge_revision": 42}