{"is_source_file": true, "format": "JavaScript React component", "description": "This file defines a React functional component called TopHeader, which serves as a top navigation/header bar for a web application. It includes elements like a menu button, a title, a search input, status indicators, theme toggle, and login/logout controls.", "external_files": ["./Badge", "./Button", "../state/AppStateContext", "../state/AuthContext"], "external_methods": ["useAppState()", "toggleTheme()", "useAuth()", "login()", "logout()"], "published": ["TopHeader"], "classes": [], "methods": [{"name": "onQuickLogin", "description": "Handles login action by calling login with a default admin email, used for quick access or placeholder login."}, {"name": "TopHeader({ title, onOpenSidebar, searchValue, onSearchChange, status = { label: \"Network healthy\", variant: \"primary\" } })", "scope": "", "scopeKind": "", "description": "unavailable"}], "calls": ["useAppState()", "useAuth()", "login(\"admin@ocean.local\")", "toggleTheme()", "logout()"], "search-terms": ["TopHeader", "React component", "header controls", "search input", "theme toggle"], "state": 2, "file_id": 28, "knowledge_revision": 76, "git_revision": "a14d0d230fcbd8a01492c98ca50c827b5509367c", "ctags": [{"_type": "tag", "name": "TopHeader", "path": "/home/kavia/workspace/code-generation/wifi-network-management-system-229868-229877/wifi_management_frontend/src/components/TopHeader.js", "pattern": "/^export function TopHeader({$/", "language": "JavaScript", "kind": "function", "signature": "({ title, onOpenSidebar, searchValue, onSearchChange, status = { label: \"Network healthy\", variant: \"primary\" } })"}, {"_type": "tag", "name": "searchValue", "path": "/home/kavia/workspace/code-generation/wifi-network-management-system-229868-229877/wifi_management_frontend/src/components/TopHeader.js", "pattern": "/^            value={searchValue || \"\"}$/", "language": "JavaScript", "kind": "field", "scope": "TopHeader.value", "scopeKind": "class"}], "hash": "a52202703b9ff0ad103d209d4f96d29e", "format-version": 4, "code-base-name": "wifi_management_frontend", "filename": "wifi_management_frontend/src/components/TopHeader.js", "fields": [{"name": "value={searchValue || \"\"}", "scope": "TopHeader.value", "scopeKind": "class", "description": "unavailable"}], "revision_history": [{"76": "a14d0d230fcbd8a01492c98ca50c827b5509367c"}]}