{"is_source_file": false, "format": "", "description": "", "external_files": [], "external_methods": [], "published": [], "classes": [], "methods": [], "calls": [], "search-terms": [], "state": 2, "file_id": 11, "knowledge_revision": 19, "git_revision": "bdf12f946172ddffb969259bdd0bab59e95fe764", "hash": "d9d975cebe2ec20b6c652e1e4c12ccf0", "format-version": 4, "code-base-name": "wifi_management_frontend", "filename": "wifi_management_frontend/public/manifest.json", "revision_history": [{"19": "bdf12f946172ddffb969259bdd0bab59e95fe764"}]}