{"is_source_file": true, "format": "JavaScript", "description": "This source file serves as an API index for a web frontend, bridging imported API client functions and service modules. It manages the selection between real and mock services based on feature flags and exports key API functions and services for external use.", "external_files": ["../utils/featureFlags", "./apiClient", "./clients", "./health", "./networks", "./settings", "./mocks/clients", "./mocks/health", "./mocks/networks", "./mocks/settings"], "external_methods": ["isFeatureEnabled", "apiDelete", "apiGet", "apiPatch", "apiPost", "apiPut", "getConfiguredApiBase"], "published": ["getConfiguredApiBase", "apiGet", "apiPost", "apiPut", "apiPatch", "apiDelete", "networksService", "clientsService", "settingsService", "healthService"], "classes": [], "methods": [], "calls": ["isFeatureEnabled", "apiGet", "apiPost", "apiPut", "apiPatch", "apiDelete"], "search-terms": ["apiIndex", "serviceConfiguration", "featureToggle", "mockServices", "apiClient"], "state": 2, "file_id": 37, "knowledge_revision": 110, "git_revision": "977f6e594962f9479aa74597ad278d2e885db161", "revision_history": [{"102": "977f6e594962f9479aa74597ad278d2e885db161"}, {"110": "977f6e594962f9479aa74597ad278d2e885db161"}], "ctags": [{"_type": "tag", "name": "clientsService", "path": "/home/kavia/workspace/code-generation/wifi-network-management-system-229868-229877/wifi_management_frontend/src/api/index.js", "pattern": "/^export const clientsService = useMocks ? mockClientsService : realClientsService;$/", "language": "JavaScript", "kind": "constant"}, {"_type": "tag", "name": "healthService", "path": "/home/kavia/workspace/code-generation/wifi-network-management-system-229868-229877/wifi_management_frontend/src/api/index.js", "pattern": "/^export const healthService = useMocks ? mockHealthService : realHealthService;$/", "language": "JavaScript", "kind": "constant"}, {"_type": "tag", "name": "networksService", "path": "/home/kavia/workspace/code-generation/wifi-network-management-system-229868-229877/wifi_management_frontend/src/api/index.js", "pattern": "/^export const networksService = useMocks ? mockNetworksService : realNetworksService;$/", "language": "JavaScript", "kind": "constant"}, {"_type": "tag", "name": "settingsService", "path": "/home/kavia/workspace/code-generation/wifi-network-management-system-229868-229877/wifi_management_frontend/src/api/index.js", "pattern": "/^export const settingsService = useMocks ? mockSettingsService : realSettingsService;$/", "language": "JavaScript", "kind": "constant"}, {"_type": "tag", "name": "useMocks", "path": "/home/kavia/workspace/code-generation/wifi-network-management-system-229868-229877/wifi_management_frontend/src/api/index.js", "pattern": "/^const useMocks = isFeatureEnabled(\"useMocks\", false);$/", "language": "JavaScript", "kind": "constant"}], "hash": "94fd0b43c78c06e3fdbe33b595b449df", "format-version": 4, "code-base-name": "wifi_management_frontend", "filename": "wifi_management_frontend/src/api/index.js"}