{"is_source_file": true, "file_id": 20, "git_revision": "", "state": 1, "description": "", "external_files": [], "external_methods": [], "published": [], "classes": [], "methods": [], "calls": [], "search-terms": [], "ctags": [{"_type": "tag", "name": "ClientDetailPage", "path": "/home/kavia/workspace/code-generation/wifi-network-management-system-229868-229877/wifi_management_frontend/src/pages/clients/ClientDetailPage.js", "pattern": "/^function ClientDetailPage() {$/", "language": "JavaScript", "kind": "function", "signature": "()"}], "format": "JavaScript", "hash": "ee3b18fd035c483e939acc73a9f48439", "format-version": 4, "code-base-name": "wifi_management_frontend", "filename": "wifi_management_frontend/src/pages/clients/ClientDetailPage.js", "knowledge_revision": 38}