{"is_source_file": true, "file_id": 19, "git_revision": "", "state": 1, "description": "", "external_files": [], "external_methods": [], "published": [], "classes": [], "methods": [], "calls": [], "search-terms": [], "ctags": [{"_type": "tag", "name": "ClientsListPage", "path": "/home/kavia/workspace/code-generation/wifi-network-management-system-229868-229877/wifi_management_frontend/src/pages/clients/ClientsListPage.js", "pattern": "/^function ClientsListPage() {$/", "language": "JavaScript", "kind": "function", "signature": "()"}, {"_type": "tag", "name": "stubClients", "path": "/home/kavia/workspace/code-generation/wifi-network-management-system-229868-229877/wifi_management_frontend/src/pages/clients/ClientsListPage.js", "pattern": "/^const stubClients = [$/", "language": "JavaScript", "kind": "constant"}], "format": "JavaScript", "hash": "cb55f3d082dce37b9015de54d8e6ec62", "format-version": 4, "code-base-name": "wifi_management_frontend", "filename": "wifi_management_frontend/src/pages/clients/ClientsListPage.js", "knowledge_revision": 37}