{"is_source_file": true, "file_id": 34, "git_revision": "", "state": 1, "description": "", "external_files": [], "external_methods": [], "published": [], "classes": [], "methods": [], "calls": [], "search-terms": [], "ctags": [{"_type": "tag", "name": "clientsService", "path": "/home/kavia/workspace/code-generation/wifi-network-management-system-229868-229877/wifi_management_frontend/src/api/clients.js", "pattern": "/^export const clientsService = {$/", "language": "JavaScript", "kind": "class"}, {"_type": "tag", "name": "list", "path": "/home/kavia/workspace/code-generation/wifi-network-management-system-229868-229877/wifi_management_frontend/src/api/clients.js", "pattern": "/^  list() {$/", "language": "JavaScript", "kind": "method", "signature": "()", "scope": "clientsService", "scopeKind": "class"}], "format": "JavaScript", "hash": "20e1d60705749784514ae98d6fff0198", "format-version": 4, "code-base-name": "wifi_management_frontend", "filename": "wifi_management_frontend/src/api/clients.js", "knowledge_revision": 85}