{"is_source_file": true, "format": "JavaScript (React JSX)", "description": "This file defines a React functional component named NetworkForm, which renders a form interface for configuring Wi-Fi network settings such as name, SSID, security, VLAN, and enabled status. It includes internal state management and event handling for form submission and inputs.", "external_files": ["./Button"], "external_methods": [], "published": ["NetworkForm"], "classes": [], "methods": [{"name": "NetworkForm({ initialValues, onSubmit, onCancel, submitText = \"Save\" })", "description": "Functional React component for rendering a Wi-Fi network configuration form.", "scope": "", "scopeKind": ""}], "calls": ["React", "React.useMemo", "React.useState", "setValues", "onSubmit", "set", "onSave", "e.preventDefault", "onCancel", "Button"], "search-terms": ["NetworkForm", "useMemo", "useState", "wifi network configuration", "SSID form", "React functional component"], "state": 2, "file_id": 26, "knowledge_revision": 74, "git_revision": "a14d0d230fcbd8a01492c98ca50c827b5509367c", "ctags": [{"_type": "tag", "name": "NetworkForm", "path": "/home/kavia/workspace/code-generation/wifi-network-management-system-229868-229877/wifi_management_frontend/src/components/NetworkForm.js", "pattern": "/^export function NetworkForm({ initialValues, onSubmit, onCancel, submitText = \"Save\" }) {$/", "language": "JavaScript", "kind": "function", "signature": "({ initialValues, onSubmit, onCancel, submitText = \"Save\" })"}, {"_type": "tag", "name": "onSave", "path": "/home/kavia/workspace/code-generation/wifi-network-management-system-229868-229877/wifi_management_frontend/src/components/NetworkForm.js", "pattern": "/^    <form onSubmit={onSave} className=\"op-grid\" style={{ gap: 12 }}>$/", "language": "JavaScript", "kind": "field", "scope": "NetworkForm.AnonymousClass44d1a3670101", "scopeKind": "class"}], "hash": "1bb409505d965f523077ef6976f4df3c", "format-version": 4, "code-base-name": "wifi_management_frontend", "filename": "wifi_management_frontend/src/components/NetworkForm.js", "fields": [{"name": "<form onSubmit={onSave} className=\"op-grid\" style={{ gap: 12 }}>", "scope": "NetworkForm.AnonymousClass44d1a3670101", "scopeKind": "class", "description": "unavailable"}], "revision_history": [{"74": "a14d0d230fcbd8a01492c98ca50c827b5509367c"}]}