{"is_source_file": true, "format": "JavaScript (React JSX)", "description": "This file defines a React functional component named 'App' that manages a theme toggle between light and dark modes. It includes state management with useState, side effects with useEffect to apply the theme, and renders UI elements such as a button, image, and links.", "external_files": ["./logo.svg", "./App.css"], "external_methods": [], "published": ["App"], "classes": [], "methods": [{"name": "App()", "description": "React functional component that renders the application UI, manages theme state, and handles theme toggling.", "scope": "", "scopeKind": ""}, {"name": "toggleTheme", "description": "Handles toggling between 'light' and 'dark' themes when the user clicks the theme toggle button."}], "calls": ["document.documentElement.setAttribute", "useState", "useEffect", "setTheme", "prevTheme => prevTheme === 'light' ? 'dark' : 'light'", "React", "logo", "Button onClick", "alt", "href"], "search-terms": ["React theme toggle", "useState theme", "useEffect document theme", "App component", "src/App.js"], "state": 2, "file_id": 11, "knowledge_revision": 25, "git_revision": "4c1a4804e3fadbe01041f24e0d2bcea596e5e1e3", "ctags": [{"_type": "tag", "name": "App", "path": "/home/kavia/workspace/code-generation/wifi-network-management-system-229868-229877/wifi_management_frontend/src/App.js", "pattern": "/^function App() {$/", "language": "JavaScript", "kind": "function", "signature": "()"}, {"_type": "tag", "name": "Switch to ${theme === 'light' ? 'dark' : 'light'} mode", "path": "/home/kavia/workspace/code-generation/wifi-network-management-system-229868-229877/wifi_management_frontend/src/App.js", "pattern": "/^          aria-label={`Switch to ${theme === 'light' ? 'dark' : 'light'} mode`}$/", "language": "JavaScript", "kind": "field", "scope": "App.aria", "scopeKind": "class"}, {"_type": "tag", "name": "toggleTheme", "path": "/home/kavia/workspace/code-generation/wifi-network-management-system-229868-229877/wifi_management_frontend/src/App.js", "pattern": "/^          onClick={toggleTheme}$/", "language": "JavaScript", "kind": "field", "scope": "App.onClick", "scopeKind": "class"}], "hash": "b55dd9e6a018e59207d8e277dffd9e11", "format-version": 4, "code-base-name": "wifi_management_frontend", "filename": "wifi_management_frontend/src/App.js", "fields": [{"name": "aria-label={`Switch to ${theme === 'light' ? 'dark' : 'light'} mode`}", "scope": "App.aria", "scopeKind": "class", "description": "unavailable"}, {"name": "onClick={toggleTheme}", "scope": "App.onClick", "scopeKind": "class", "description": "unavailable"}], "revision_history": [{"25": "4c1a4804e3fadbe01041f24e0d2bcea596e5e1e3"}]}