{"is_source_file": true, "format": "JavaScript (React JSX)", "description": "This file defines a React component 'AccessPointDetailsPage' that renders detailed information about a specific Wi-Fi access point, including its status and list of connected clients. It includes UI elements, hooks for data fetching, and interactions with services for updating client statuses.", "external_files": ["../components/Badge", "../components/Button", "../components/DataTable", "../components/States", "../services", "../state/AuthContext", "../state/ToastContext"], "external_methods": ["accessPointService.getById", "clientService.setBlocked", "useAuth", "useToasts"], "published": ["AccessPointDetailsPage"], "classes": [], "methods": [{"name": "statusBadge(status)", "description": "Returns a Badge component indicating the online/offline/degraded status of an access point or client.", "scope": "", "scopeKind": ""}, {"name": "load", "description": "Asynchronously fetches access point data by ID and updates component state."}, {"name": "AccessPointDetailsPage()", "scope": "", "scopeKind": "", "description": "unavailable"}], "calls": ["React.useEffect", "React.useState", "React.useMemo", "accessPointService.getById", "clientService.setBlocked", "toasts.pushSuccess", "toasts.pushError"], "search-terms": ["AccessPointDetailsPage", "useParams", "clientService", "accessPointService", "useAuth", "useToasts", "DataTable", "statusBadge"], "state": 2, "file_id": 34, "knowledge_revision": 82, "git_revision": "a14d0d230fcbd8a01492c98ca50c827b5509367c", "ctags": [{"_type": "tag", "name": "AccessPointDetailsPage", "path": "/home/kavia/workspace/code-generation/wifi-network-management-system-229868-229877/wifi_management_frontend/src/pages/AccessPointDetailsPage.js", "pattern": "/^export function AccessPointDetailsPage() {$/", "language": "JavaScript", "kind": "function", "signature": "()"}, {"_type": "tag", "name": "statusBadge", "path": "/home/kavia/workspace/code-generation/wifi-network-management-system-229868-229877/wifi_management_frontend/src/pages/AccessPointDetailsPage.js", "pattern": "/^function statusBadge(status) {$/", "language": "JavaScript", "kind": "function", "signature": "(status)"}], "hash": "0591663f00669f266f788ad9efedb1e8", "format-version": 4, "code-base-name": "wifi_management_frontend", "filename": "wifi_management_frontend/src/pages/AccessPointDetailsPage.js", "revision_history": [{"82": "a14d0d230fcbd8a01492c98ca50c827b5509367c"}]}