{"is_source_file": true, "file_id": 24, "git_revision": "", "state": 1, "description": "", "external_files": [], "external_methods": [], "published": [], "classes": [], "methods": [], "calls": [], "search-terms": [], "ctags": [{"_type": "tag", "name": "Badge", "path": "/home/kavia/workspace/code-generation/wifi-network-management-system-229868-229877/wifi_management_frontend/src/components/ui/Badge.js", "pattern": "/^function Badge({ children, variant = \"neutral\", className = \"\", ...rest }) {$/", "language": "JavaScript", "kind": "function", "signature": "({ children, variant = \"neutral\", className = \"\", ...rest })"}, {"_type": "tag", "name": "[\"badge\", getBadgeClass(variant), className]", "path": "/home/kavia/workspace/code-generation/wifi-network-management-system-229868-229877/wifi_management_frontend/src/components/ui/Badge.js", "pattern": "/^      className={[\"badge\", getBadgeClass(variant), className].filter(Boolean).join(\" \")}$/", "language": "JavaScript", "kind": "field", "scope": "Badge.className", "scopeKind": "class"}, {"_type": "tag", "name": "getBadgeClass", "path": "/home/kavia/workspace/code-generation/wifi-network-management-system-229868-229877/wifi_management_frontend/src/components/ui/Badge.js", "pattern": "/^function getBadgeClass(variant) {$/", "language": "JavaScript", "kind": "function", "signature": "(variant)"}], "format": "JavaScript", "hash": "e3010ad2ac2fa8c202ffa49c2a7e8648", "format-version": 4, "code-base-name": "wifi_management_frontend", "filename": "wifi_management_frontend/src/components/ui/Badge.js", "knowledge_revision": 58}