{"is_source_file": false, "format": "CSS", "description": "This file defines minimal CSS styling and theme tokens for a web application, acting as a base style sheet that avoids conflicts with the main App.css theme styles.", "external_files": [], "external_methods": [], "published": [], "classes": [], "methods": [], "calls": [], "search-terms": ["CSS", "style", "theme tokens", "index.css", "web styling"], "state": 2, "file_id": 6, "knowledge_revision": 51, "git_revision": "bdf12f946172ddffb969259bdd0bab59e95fe764", "hash": "ad1e983005ea094326ffb6b9d1f1eae5", "format-version": 4, "code-base-name": "wifi_management_frontend", "filename": "wifi_management_frontend/src/index.css", "revision_history": [{"51": "bdf12f946172ddffb969259bdd0bab59e95fe764"}]}