{"is_source_file": true, "file_id": 34, "git_revision": "", "state": 1, "description": "", "external_files": [], "external_methods": [], "published": [], "classes": [], "methods": [], "calls": [], "search-terms": [], "ctags": [{"_type": "tag", "name": "AccessPointDetailsPage", "path": "/home/kavia/workspace/code-generation/wifi-network-management-system-229868-229877/wifi_management_frontend/src/pages/AccessPointDetailsPage.js", "pattern": "/^export function AccessPointDetailsPage() {$/", "language": "JavaScript", "kind": "function", "signature": "()"}, {"_type": "tag", "name": "statusBadge", "path": "/home/kavia/workspace/code-generation/wifi-network-management-system-229868-229877/wifi_management_frontend/src/pages/AccessPointDetailsPage.js", "pattern": "/^function statusBadge(status) {$/", "language": "JavaScript", "kind": "function", "signature": "(status)"}], "format": "JavaScript", "hash": "0591663f00669f266f788ad9efedb1e8", "format-version": 4, "code-base-name": "wifi_management_frontend", "filename": "wifi_management_frontend/src/pages/AccessPointDetailsPage.js", "knowledge_revision": 50}