{"is_source_file": false, "format": "", "description": "", "external_files": [], "external_methods": [], "published": [], "classes": [], "methods": [], "calls": [], "search-terms": [], "state": 2, "file_id": 5, "knowledge_revision": 26, "git_revision": "4c1a4804e3fadbe01041f24e0d2bcea596e5e1e3", "hash": "d1f83b7aea0f420023894b30be2711da", "format-version": 4, "code-base-name": "wifi_management_frontend", "filename": "wifi_management_frontend/package.json", "revision_history": [{"26": "4c1a4804e3fadbe01041f24e0d2bcea596e5e1e3"}]}