{"is_source_file": true, "format": "JavaScript", "description": "This source file defines a React functional component named DashboardPage, which renders a dashboard interface with stats, recent alerts, and quick actions for managing Wi-Fi network components. It includes hooks for fetching data from services, state management, and UI rendering.", "external_files": ["../components/StatCards", "../components/Button", "../components/Badge", "../components/States", "../services", "../state/ToastContext", "react", "react-router-dom"], "external_methods": ["accessPointService.list", "clientService.list", "alertService.list", "useNavigate", "useToasts"], "published": ["DashboardPage"], "classes": [], "methods": [{"name": "severityBadge(sev)", "description": "Helper function to render a Badge component based on severity level ('critical', 'warning', or others).", "scope": "", "scopeKind": ""}, {"name": "load", "description": "Asynchronous function to fetch data from accessPointService, clientService, and alertService, updating the component's state accordingly."}, {"name": "DashboardPage()", "scope": "", "scopeKind": "", "description": "unavailable"}], "calls": ["React.useState", "React.useEffect", "React.useMemo", "accessPointService.list", "clientService.list", "alertService.list", "useNavigate", "useToasts", "Promise.all", "setLoading", "setError", "setAps", "setClients", "setAlerts", "aps.filter", "clients.reduce", "clients.filter", "aps.length", "alerts.slice", "nav"], "search-terms": ["DashboardPage", "React", "network management", "alerts", "stats", "Wi-Fi", "access points", "clients", "alerts", "quick actions"], "state": 2, "file_id": 31, "knowledge_revision": 79, "git_revision": "a14d0d230fcbd8a01492c98ca50c827b5509367c", "ctags": [{"_type": "tag", "name": "DashboardPage", "path": "/home/kavia/workspace/code-generation/wifi-network-management-system-229868-229877/wifi_management_frontend/src/pages/DashboardPage.js", "pattern": "/^export function DashboardPage() {$/", "language": "JavaScript", "kind": "function", "signature": "()"}, {"_type": "tag", "name": "severityBadge", "path": "/home/kavia/workspace/code-generation/wifi-network-management-system-229868-229877/wifi_management_frontend/src/pages/DashboardPage.js", "pattern": "/^function severityBadge(sev) {$/", "language": "JavaScript", "kind": "function", "signature": "(sev)"}], "hash": "e2a8a5b644bce14d332faa17b9dabb60", "format-version": 4, "code-base-name": "wifi_management_frontend", "filename": "wifi_management_frontend/src/pages/DashboardPage.js", "revision_history": [{"79": "a14d0d230fcbd8a01492c98ca50c827b5509367c"}]}