{"is_source_file": true, "format": "JavaScript", "description": "This file defines a networks service with functions to list, retrieve, create, update, and delete network resources via API calls. It acts as a client-side interface for interacting with network management endpoints.", "external_files": ["./apiClient"], "external_methods": ["apiGet", "apiPost", "apiPut", "apiDelete"], "published": ["networksService"], "classes": [], "methods": [{"name": "list()", "description": "Fetches a list of all networks using a GET request to /networks.", "scope": "networksService", "scopeKind": "class"}, {"name": "get", "description": "Retrieves a specific network by ID via GET request to /networks/:id."}, {"name": "create", "description": "Creates a new network with provided payload through POST request to /networks."}, {"name": "update", "description": "Updates an existing network identified by ID with new data via PUT request to /networks/:id."}, {"name": "remove", "description": "Deletes a network identified by ID via DELETE request to /networks/:id."}], "calls": ["apiGet(\"/networks\")", "apiGet(`/networks/${encodeURIComponent(id)}`)", "apiPost(\"/networks\", payload)", "apiPut(`/networks/${encodeURIComponent(id)}`, payload)", "apiDelete(`/networks/${encodeURIComponent(id)}`)"], "search-terms": ["networksService", "apiClient", "network API", "network management functions"], "state": 2, "file_id": 33, "knowledge_revision": 90, "git_revision": "6146cc888bfb35ba4a69c54d3fa379ee1c71d43c", "ctags": [{"_type": "tag", "name": "list", "path": "/home/kavia/workspace/code-generation/wifi-network-management-system-229868-229877/wifi_management_frontend/src/api/networks.js", "pattern": "/^  list() {$/", "language": "JavaScript", "kind": "method", "signature": "()", "scope": "networksService", "scopeKind": "class"}, {"_type": "tag", "name": "networksService", "path": "/home/kavia/workspace/code-generation/wifi-network-management-system-229868-229877/wifi_management_frontend/src/api/networks.js", "pattern": "/^export const networksService = {$/", "language": "JavaScript", "kind": "class"}], "hash": "783aec7d9e156c73c2489037c86820f8", "format-version": 4, "code-base-name": "wifi_management_frontend", "filename": "wifi_management_frontend/src/api/networks.js", "revision_history": [{"90": "6146cc888bfb35ba4a69c54d3fa379ee1c71d43c"}]}