{"is_source_file": true, "format": "JavaScript", "description": "This file defines a clients service module for managing network clients via API calls, providing functions to list, get, create, update, and delete clients.", "external_files": ["./apiClient"], "external_methods": ["apiDelete", "apiGet", "apiPost", "apiPut"], "published": ["clientsService"], "classes": [], "methods": [{"name": "list()", "description": "Fetches the list of clients from the server.", "scope": "clientsService", "scopeKind": "class"}, {"name": "get", "description": "Retrieves a specific client by ID."}, {"name": "create", "description": "Creates a new client with the provided payload."}, {"name": "update", "description": "Updates an existing client identified by ID with the provided payload."}, {"name": "remove", "description": "Deletes a client specified by ID."}], "calls": ["apiGet(\"/clients\")", "apiGet(`/clients/${encodeURIComponent(id)}`)", "apiPost(\"/clients\", payload)", "apiPut(`/clients/${encodeURIComponent(id)}`, payload)", "apiDelete(`/clients/${encodeURIComponent(id)}`)"], "search-terms": ["clientsService", "apiClient", "clients", "client management"], "state": 2, "file_id": 34, "knowledge_revision": 91, "git_revision": "6146cc888bfb35ba4a69c54d3fa379ee1c71d43c", "ctags": [{"_type": "tag", "name": "clientsService", "path": "/home/kavia/workspace/code-generation/wifi-network-management-system-229868-229877/wifi_management_frontend/src/api/clients.js", "pattern": "/^export const clientsService = {$/", "language": "JavaScript", "kind": "class"}, {"_type": "tag", "name": "list", "path": "/home/kavia/workspace/code-generation/wifi-network-management-system-229868-229877/wifi_management_frontend/src/api/clients.js", "pattern": "/^  list() {$/", "language": "JavaScript", "kind": "method", "signature": "()", "scope": "clientsService", "scopeKind": "class"}], "hash": "20e1d60705749784514ae98d6fff0198", "format-version": 4, "code-base-name": "wifi_management_frontend", "filename": "wifi_management_frontend/src/api/clients.js", "revision_history": [{"91": "6146cc888bfb35ba4a69c54d3fa379ee1c71d43c"}]}