{"is_source_file": true, "format": "JavaScript (React component)", "description": "This file defines a React functional component named Badge, which renders a styled span element acting as a small badge or label. It includes a helper function to convert variant prop values into corresponding CSS class modifiers.", "external_files": ["react"], "external_methods": ["React"], "published": ["Badge"], "classes": [], "methods": [{"name": "variantToClass(variant)", "description": "Converts the 'variant' prop into a CSS class suffix for styling.", "scope": "", "scopeKind": ""}, {"name": "Badge({ variant = \"default\", children, title })", "description": "A React component that renders a styled badge with optional title and children content.", "scope": "", "scopeKind": ""}], "calls": ["React"], "search-terms": ["Badge", "React", "variantToClass", "op-badge", "status labels", "React component"], "state": 2, "file_id": 20, "knowledge_revision": 68, "git_revision": "a14d0d230fcbd8a01492c98ca50c827b5509367c", "ctags": [{"_type": "tag", "name": "Badge", "path": "/home/kavia/workspace/code-generation/wifi-network-management-system-229868-229877/wifi_management_frontend/src/components/Badge.js", "pattern": "/^export function Badge({ variant = \"default\", children, title }) {$/", "language": "JavaScript", "kind": "function", "signature": "({ variant = \"default\", children, title })"}, {"_type": "tag", "name": "op-badge ${variantToClass(variant)}", "path": "/home/kavia/workspace/code-generation/wifi-network-management-system-229868-229877/wifi_management_frontend/src/components/Badge.js", "pattern": "/^    <span className={`op-badge ${variantToClass(variant)}`} title={title}>$/", "language": "JavaScript", "kind": "field", "scope": "Badge.AnonymousClassa95cb5dc0101", "scopeKind": "class"}, {"_type": "tag", "name": "variantToClass", "path": "/home/kavia/workspace/code-generation/wifi-network-management-system-229868-229877/wifi_management_frontend/src/components/Badge.js", "pattern": "/^function variantToClass(variant) {$/", "language": "JavaScript", "kind": "function", "signature": "(variant)"}], "hash": "21e9d13147d79698abbad22c209ad846", "format-version": 4, "code-base-name": "wifi_management_frontend", "filename": "wifi_management_frontend/src/components/Badge.js", "fields": [{"name": "<span className={`op-badge ${variantToClass(variant)}`} title={title}>", "scope": "Badge.AnonymousClassa95cb5dc0101", "scopeKind": "class", "description": "unavailable"}], "revision_history": [{"68": "a14d0d230fcbd8a01492c98ca50c827b5509367c"}]}