{"is_source_file": true, "format": "JavaScript (React JSX)", "description": "A React component that renders a small inline error banner with optional retry button, displaying a title, message, and actions.", "external_files": ["./Button"], "external_methods": [], "published": ["ErrorBanner"], "classes": [], "methods": [{"name": "ErrorBanner({ title = \"Something went wrong\", message, onRetry, className = \"\" })", "description": "React functional component rendering an error banner with optional retry button.", "scope": "", "scopeKind": ""}], "calls": ["React", "Button"], "search-terms": ["ErrorBanner", "error banner", "React component", "inline error", "retry button"], "state": 2, "file_id": 29, "knowledge_revision": 80, "git_revision": "b760309fd8ec24d9309d09c4e74a8fc0c6dc6431", "ctags": [{"_type": "tag", "name": "ErrorBanner", "path": "/home/kavia/workspace/code-generation/wifi-network-management-system-229868-229877/wifi_management_frontend/src/components/ui/ErrorBanner.js", "pattern": "/^function ErrorBanner({ title = \"Something went wrong\", message, onRetry, className = \"\" }) {$/", "language": "JavaScript", "kind": "function", "signature": "({ title = \"Something went wrong\", message, onRetry, className = \"\" })"}, {"_type": "tag", "name": "[\"error-banner\", className]", "path": "/home/kavia/workspace/code-generation/wifi-network-management-system-229868-229877/wifi_management_frontend/src/components/ui/ErrorBanner.js", "pattern": "/^    <div className={[\"error-banner\", className].filter(Boolean).join(\" \")} role=\"alert\">$/", "language": "JavaScript", "kind": "field", "scope": "ErrorBanner.AnonymousClass211180360101", "scopeKind": "class"}], "hash": "b30672c12ee3b57709e8d078b8d21a1a", "format-version": 4, "code-base-name": "wifi_management_frontend", "filename": "wifi_management_frontend/src/components/ui/ErrorBanner.js", "fields": [{"name": "<div className={[\"error-banner\", className].filter(Boolean).join(\" \")} role=\"alert\">", "scope": "ErrorBanner.AnonymousClass211180360101", "scopeKind": "class", "description": "unavailable"}], "revision_history": [{"80": "b760309fd8ec24d9309d09c4e74a8fc0c6dc6431"}]}