{"is_source_file": true, "format": "JavaScript (React)", "description": "A React component representing a placeholder page for displaying details about a specific client, identified by route parameters.", "external_files": ["react", "react-router-dom"], "external_methods": ["useParams", "Link"], "published": ["ClientDetailPage"], "classes": [], "methods": [{"name": "ClientDetailPage()", "description": "A React functional component that displays client details, with routing parameters for client ID and a link to navigate back to the clients list.", "scope": "", "scopeKind": ""}], "calls": ["useParams()", "Link"], "search-terms": ["ClientDetailPage", "React component", "useParams", "react-router-dom", "client details page", "routing scaffold"], "state": 2, "file_id": 20, "knowledge_revision": 48, "git_revision": "458cbef614d06b0778e7dc5714257f3d0fcc8ff4", "ctags": [{"_type": "tag", "name": "ClientDetailPage", "path": "/home/kavia/workspace/code-generation/wifi-network-management-system-229868-229877/wifi_management_frontend/src/pages/clients/ClientDetailPage.js", "pattern": "/^function ClientDetailPage() {$/", "language": "JavaScript", "kind": "function", "signature": "()"}], "hash": "ee3b18fd035c483e939acc73a9f48439", "format-version": 4, "code-base-name": "wifi_management_frontend", "filename": "wifi_management_frontend/src/pages/clients/ClientDetailPage.js", "revision_history": [{"48": "458cbef614d06b0778e7dc5714257f3d0fcc8ff4"}]}