{"is_source_file": false, "format": "", "description": "", "external_files": [], "external_methods": [], "published": [], "classes": [], "methods": [], "calls": [], "search-terms": [], "state": 2, "file_id": 4, "knowledge_revision": 17, "git_revision": "4c1a4804e3fadbe01041f24e0d2bcea596e5e1e3", "hash": "d2b40d02d5f7873d8a6713bad837edd4", "format-version": 4, "code-base-name": "wifi_management_frontend", "filename": "wifi_management_frontend/public/index.html", "revision_history": [{"17": "4c1a4804e3fadbe01041f24e0d2bcea596e5e1e3"}]}