{"is_source_file": true, "format": "JavaScript (ES6 module)", "description": "This file defines a health service module for a frontend application, providing methods to perform health checks by calling a backend API endpoint.", "external_files": ["./apiClient"], "external_methods": ["apiGet"], "published": ["healthService"], "classes": [], "methods": [{"name": "getHealth()", "description": "Performs a GET request to the /health endpoint with a timeout, checking the system health.", "scope": "healthService", "scopeKind": "class"}, {"name": "getStatus()", "description": "An alias for getHealth, also performing a GET request to the /health endpoint.", "scope": "healthService", "scopeKind": "class"}], "calls": ["apiGet"], "search-terms": ["healthService", "apiClient", "getHealth", "getStatus", "/health"], "state": 2, "file_id": 36, "knowledge_revision": 93, "git_revision": "6146cc888bfb35ba4a69c54d3fa379ee1c71d43c", "ctags": [{"_type": "tag", "name": "getHealth", "path": "/home/kavia/workspace/code-generation/wifi-network-management-system-229868-229877/wifi_management_frontend/src/api/health.js", "pattern": "/^  getHealth() {$/", "language": "JavaScript", "kind": "method", "signature": "()", "scope": "healthService", "scopeKind": "class"}, {"_type": "tag", "name": "getStatus", "path": "/home/kavia/workspace/code-generation/wifi-network-management-system-229868-229877/wifi_management_frontend/src/api/health.js", "pattern": "/^  getStatus() {$/", "language": "JavaScript", "kind": "method", "signature": "()", "scope": "healthService", "scopeKind": "class"}, {"_type": "tag", "name": "healthService", "path": "/home/kavia/workspace/code-generation/wifi-network-management-system-229868-229877/wifi_management_frontend/src/api/health.js", "pattern": "/^export const healthService = {$/", "language": "JavaScript", "kind": "class"}], "hash": "1f5e92e551a427338291385a054815cb", "format-version": 4, "code-base-name": "wifi_management_frontend", "filename": "wifi_management_frontend/src/api/health.js", "revision_history": [{"93": "6146cc888bfb35ba4a69c54d3fa379ee1c71d43c"}]}