{"is_source_file": true, "format": "JavaScript", "description": "Shared helpers for mock services in a WiFi network management frontend. Provides functions to simulate latency and errors, plus some deterministic mock datasets for networks, clients, and settings.", "external_files": [], "external_methods": [], "published": ["withMockLatency", "createMockApiError", "mockData"], "classes": [], "methods": [{"name": "sleep(ms)", "description": "Pauses execution for a specified number of milliseconds, simulating network delay.", "scope": "", "scopeKind": ""}, {"name": "computeDelayMs({ baseMs = 250, jitterMs = 250, seed = \"\" } = {})", "description": "Calculates a deterministic delay in milliseconds based on optional seed, base delay, and jitter.", "scope": "", "scopeKind": ""}, {"name": "withMockLatency(result, { baseMs = 250, jitterMs = 250, seed = \"\" } = {})", "description": "Simulates network latency by delaying resolution of a promise with deterministic delay.", "scope": "", "scopeKind": ""}, {"name": "createMockApiError(message, { status = 500, code = \"MOCK_ERROR\", details = null } = {})", "description": "Creates an error object mimicking API error structure with customizable message and status.", "scope": "", "scopeKind": ""}], "calls": ["window.setTimeout", "computeDelayMs", "sleep"], "search-terms": ["mock utilities", "deterministic delay", "simulate network", "mock datasets", "mock API error"], "state": 2, "file_id": 39, "knowledge_revision": 104, "git_revision": "977f6e594962f9479aa74597ad278d2e885db161", "ctags": [{"_type": "tag", "name": "allowGuestIsolation", "path": "/home/kavia/workspace/code-generation/wifi-network-management-system-229868-229877/wifi_management_frontend/src/api/mocks/mockUtils.js", "pattern": "/^    allowGuestIsolation: true,$/", "language": "JavaScript", "kind": "property", "scope": "mockData.settings", "scopeKind": "class"}, {"_type": "tag", "name": "channelPlan", "path": "/home/kavia/workspace/code-generation/wifi-network-management-system-229868-229877/wifi_management_frontend/src/api/mocks/mockUtils.js", "pattern": "/^    channelPlan: \"Auto\",$/", "language": "JavaScript", "kind": "property", "scope": "mockData.settings", "scopeKind": "class"}, {"_type": "tag", "name": "clients", "path": "/home/kavia/workspace/code-generation/wifi-network-management-system-229868-229877/wifi_management_frontend/src/api/mocks/mockUtils.js", "pattern": "/^  clients: [$/", "language": "JavaScript", "kind": "property", "scope": "mockData", "scopeKind": "class"}, {"_type": "tag", "name": "computeDelayMs", "path": "/home/kavia/workspace/code-generation/wifi-network-management-system-229868-229877/wifi_management_frontend/src/api/mocks/mockUtils.js", "pattern": "/^function computeDelayMs({ baseMs = 250, jitterMs = 250, seed = \"\" } = {}) {$/", "language": "JavaScript", "kind": "function", "signature": "({ baseMs = 250, jitterMs = 250, seed = \"\" } = {})"}, {"_type": "tag", "name": "countryCode", "path": "/home/kavia/workspace/code-generation/wifi-network-management-system-229868-229877/wifi_management_frontend/src/api/mocks/mockUtils.js", "pattern": "/^    countryCode: \"US\",$/", "language": "JavaScript", "kind": "property", "scope": "mockData.settings", "scopeKind": "class"}, {"_type": "tag", "name": "createMockApiError", "path": "/home/kavia/workspace/code-generation/wifi-network-management-system-229868-229877/wifi_management_frontend/src/api/mocks/mockUtils.js", "pattern": "/^export function createMockApiError(message, { status = 500, code = \"MOCK_ERROR\", details = null /", "language": "JavaScript", "kind": "function", "signature": "(message, { status = 500, code = \"MOCK_ERROR\", details = null } = {})"}, {"_type": "tag", "name": "message", "path": "/home/kavia/workspace/code-generation/wifi-network-management-system-229868-229877/wifi_management_frontend/src/api/mocks/mockUtils.js", "pattern": "/^  err.api = { message, status, code, details };$/", "language": "JavaScript", "kind": "field", "scope": "err.api", "scopeKind": "class"}, {"_type": "tag", "name": "mockData", "path": "/home/kavia/workspace/code-generation/wifi-network-management-system-229868-229877/wifi_management_frontend/src/api/mocks/mockUtils.js", "pattern": "/^export const mockData = {$/", "language": "JavaScript", "kind": "class"}, {"_type": "tag", "name": "networks", "path": "/home/kavia/workspace/code-generation/wifi-network-management-system-229868-229877/wifi_management_frontend/src/api/mocks/mockUtils.js", "pattern": "/^  networks: [$/", "language": "JavaScript", "kind": "property", "scope": "mockData", "scopeKind": "class"}, {"_type": "tag", "name": "settings", "path": "/home/kavia/workspace/code-generation/wifi-network-management-system-229868-229877/wifi_management_frontend/src/api/mocks/mockUtils.js", "pattern": "/^  settings: {$/", "language": "JavaScript", "kind": "class", "scope": "mockData", "scopeKind": "class"}, {"_type": "tag", "name": "sleep", "path": "/home/kavia/workspace/code-generation/wifi-network-management-system-229868-229877/wifi_management_frontend/src/api/mocks/mockUtils.js", "pattern": "/^function sleep(ms) {$/", "language": "JavaScript", "kind": "function", "signature": "(ms)"}, {"_type": "tag", "name": "txPower", "path": "/home/kavia/workspace/code-generation/wifi-network-management-system-229868-229877/wifi_management_frontend/src/api/mocks/mockUtils.js", "pattern": "/^    txPower: \"Auto\",$/", "language": "JavaScript", "kind": "property", "scope": "mockData.settings", "scopeKind": "class"}, {"_type": "tag", "name": "withMockLatency", "path": "/home/kavia/workspace/code-generation/wifi-network-management-system-229868-229877/wifi_management_frontend/src/api/mocks/mockUtils.js", "pattern": "/^export async function withMockLatency(result, { baseMs = 250, jitterMs = 250, seed = \"\" } = {}) /", "language": "JavaScript", "kind": "function", "signature": "(result, { baseMs = 250, jitterMs = 250, seed = \"\" } = {})"}], "hash": "fc4ded888d419d58ec1aedba39ce6fa1", "format-version": 4, "code-base-name": "wifi_management_frontend", "filename": "wifi_management_frontend/src/api/mocks/mockUtils.js", "fields": [{"name": "allowGuestIsolation: true,", "scope": "mockData.settings", "scopeKind": "class", "description": "unavailable"}, {"name": "channelPlan: \"Auto\",", "scope": "mockData.settings", "scopeKind": "class", "description": "unavailable"}, {"name": "clients: [", "scope": "mockData", "scopeKind": "class", "description": "unavailable"}, {"name": "countryCode: \"US\",", "scope": "mockData.settings", "scopeKind": "class", "description": "unavailable"}, {"name": "err.api = { message, status, code, details };", "scope": "err.api", "scopeKind": "class", "description": "unavailable"}, {"name": "networks: [", "scope": "mockData", "scopeKind": "class", "description": "unavailable"}, {"name": "txPower: \"Auto\",", "scope": "mockData.settings", "scopeKind": "class", "description": "unavailable"}], "revision_history": [{"104": "977f6e594962f9479aa74597ad278d2e885db161"}]}