{"is_source_file": true, "format": "JavaScript (React JSX)", "description": "This file defines a React functional component called SidebarNav that renders a sidebar navigation menu with links to different sections of a WiFi management application.", "external_files": ["react", "react-router-dom"], "external_methods": ["NavLink from react-router-dom"], "published": ["SidebarNav"], "classes": [], "methods": [{"name": "SidebarNav()", "description": "React functional component rendering the sidebar navigation menu.", "scope": "", "scopeKind": ""}], "calls": ["react", "react-router-dom/NavLink", "navItems.map"], "search-terms": ["React", "SidebarNav", "react-router-dom", "navigation menu", "WiFi Manager", "active link"], "state": 2, "file_id": 14, "knowledge_revision": 42, "git_revision": "", "ctags": [{"_type": "tag", "name": "SidebarNav", "path": "/home/kavia/workspace/code-generation/wifi-network-management-system-229868-229877/wifi_management_frontend/src/components/layout/SidebarNav.js", "pattern": "/^function SidebarNav() {$/", "language": "JavaScript", "kind": "function", "signature": "()"}, {"_type": "tag", "name": "navItems", "path": "/home/kavia/workspace/code-generation/wifi-network-management-system-229868-229877/wifi_management_frontend/src/components/layout/SidebarNav.js", "pattern": "/^const navItems = [$/", "language": "JavaScript", "kind": "constant"}], "hash": "60b2083fd91f655a89552e89f57acab6", "format-version": 4, "code-base-name": "wifi_management_frontend", "filename": "wifi_management_frontend/src/components/layout/SidebarNav.js", "revision_history": [{"42": ""}]}