{"is_source_file": true, "format": "JavaScript (React JSX)", "description": "This file defines a React functional component 'NetworkDetailPage' that acts as a scaffold for displaying and editing details of a network, including configuration options and navigation controls. It primarily uses React hooks for state and memoization, and composes UI components like Card, Button, Badge, and ConfirmDialog.", "external_files": ["../../components/ui"], "external_methods": ["useParams from react-router-dom", "Link from react-router-dom"], "published": ["NetworkDetailPage"], "classes": [], "methods": [{"name": "NetworkDetailPage()", "description": "React functional component that renders a network detail page with form inputs and controls for network configuration.", "scope": "", "scopeKind": ""}], "calls": ["useParams", "useState", "useMemo", "setSsid", "setBand", "setSecurity", "setShowConfirm", "setSsid", "setBand", "setSecurity", "setShowConfirm"], "search-terms": ["NetworkDetailPage", "react-router-dom", "ui components", "network configuration", "network detail view", "React hooks"], "state": 3, "file_id": 18, "knowledge_revision": 70, "git_revision": "b760309fd8ec24d9309d09c4e74a8fc0c6dc6431", "revision_history": [{"46": "458cbef614d06b0778e7dc5714257f3d0fcc8ff4"}, {"70": "b760309fd8ec24d9309d09c4e74a8fc0c6dc6431"}], "ctags": [{"_type": "tag", "name": "NetworkDetailPage", "path": "/home/kavia/workspace/code-generation/wifi-network-management-system-229868-229877/wifi_management_frontend/src/pages/networks/NetworkDetailPage.js", "pattern": "/^function NetworkDetailPage() {$/", "language": "JavaScript", "kind": "function", "signature": "()"}, {"_type": "tag", "name": "showConfirm", "path": "/home/kavia/workspace/code-generation/wifi-network-management-system-229868-229877/wifi_management_frontend/src/pages/networks/NetworkDetailPage.js", "pattern": "/^        open={showConfirm}$/", "language": "JavaScript", "kind": "field", "scope": "NetworkDetailPage.open", "scopeKind": "class"}], "hash": "cd2ef679c72b8f9d9d7a156e686b9a6c", "format-version": 4, "code-base-name": "wifi_management_frontend", "filename": "wifi_management_frontend/src/pages/networks/NetworkDetailPage.js", "fields": [{"name": "open={showConfirm}", "scope": "NetworkDetailPage.open", "scopeKind": "class", "description": "unavailable"}]}