{"is_source_file": true, "format": "JavaScript (React JSX)", "description": "This file defines a React functional component named 'Card' that renders a customizable container element, styled according to the Ocean Professional theme. It allows optional flat styling, custom class names, and customizable wrapper component.", "external_files": ["react"], "external_methods": ["React"], "published": ["Card"], "classes": [], "methods": [{"name": "Card({ children, className = \"\", flat = false, as: Component = \"div\", ...rest })", "description": "A React functional component that renders a stylized container with optional flat styling and customizable wrapper element.", "scope": "", "scopeKind": ""}], "calls": ["React"], "search-terms": ["Card", "React component", "frontend UI component", "style", "Ocean Professional theme", "Card container"], "state": 2, "file_id": 22, "knowledge_revision": 61, "git_revision": "b760309fd8ec24d9309d09c4e74a8fc0c6dc6431", "ctags": [{"_type": "tag", "name": "Card", "path": "/home/kavia/workspace/code-generation/wifi-network-management-system-229868-229877/wifi_management_frontend/src/components/ui/Card.js", "pattern": "/^function Card({$/", "language": "JavaScript", "kind": "function", "signature": "({ children, className = \"\", flat = false, as: Component = \"div\", ...rest })"}, {"_type": "tag", "name": "cls", "path": "/home/kavia/workspace/code-generation/wifi-network-management-system-229868-229877/wifi_management_frontend/src/components/ui/Card.js", "pattern": "/^    <Component className={cls} {...rest}>$/", "language": "JavaScript", "kind": "field", "scope": "Card.AnonymousClass2403eed00101", "scopeKind": "class"}], "hash": "4dacd94a249f55ef126f553bb8ff9e49", "format-version": 4, "code-base-name": "wifi_management_frontend", "filename": "wifi_management_frontend/src/components/ui/Card.js", "fields": [{"name": "<Component className={cls} {...rest}>", "scope": "Card.AnonymousClass2403eed00101", "scopeKind": "class", "description": "unavailable"}], "revision_history": [{"61": "b760309fd8ec24d9309d09c4e74a8fc0c6dc6431"}]}