{"is_source_file": true, "format": "JavaScript", "description": "This is the entry point of a React application, handling the rendering of the main App component into the DOM.", "external_files": ["react", "react-dom/client", "./index.css", "./App"], "external_methods": ["ReactDOM.createRoot", "root.render"], "published": [], "classes": [], "methods": [], "calls": ["ReactDOM.createRoot", "root.render"], "search-terms": ["React", "ReactDOM", "index.js", "frontend", "main entry point"], "state": 2, "file_id": 10, "knowledge_revision": 59, "git_revision": "a14d0d230fcbd8a01492c98ca50c827b5509367c", "revision_history": [{"24": "4c1a4804e3fadbe01041f24e0d2bcea596e5e1e3"}, {"59": "a14d0d230fcbd8a01492c98ca50c827b5509367c"}], "ctags": [{"_type": "tag", "name": "root", "path": "/home/kavia/workspace/code-generation/wifi-network-management-system-229868-229877/wifi_management_frontend/src/index.js", "pattern": "/^const root = ReactDOM.createRoot(document.getElementById(\"root\"));$/", "language": "JavaScript", "kind": "constant"}], "hash": "c5fdafd1d21c91382ec28c1710d2c642", "format-version": 4, "code-base-name": "wifi_management_frontend", "filename": "wifi_management_frontend/src/index.js"}