{"is_source_file": true, "format": "JavaScript (React JSX)", "description": "This file defines the React component 'AccessPointsPage', which displays a list of Wi-Fi access points with their statuses, channels, throughput, and associated networks. It handles data fetching from services, filtering, and navigation within the frontend application.", "external_files": ["../components/DataTable", "../components/Badge", "../components/States", "../services", "../state/AppStateContext", "react", "react-router-dom"], "external_methods": ["accessPointService.list", "networkService.list", "useAppState", "useOutletContext", "Link (react-router-dom)"], "published": ["AccessPointsPage"], "classes": [], "methods": [{"name": "statusBadge(status)", "description": "Returns a Badge component with style based on the access point's status.", "scope": "", "scopeKind": ""}, {"name": "load", "description": "Fetches the list of access points and networks from services and updates state."}, {"name": "AccessPointsPage()", "scope": "", "scopeKind": "", "description": "unavailable"}], "calls": ["Promise.all", "accessPointService.list", "networkService.list", "setAps", "setNetworks", "setError", "setLoading", "useEffect", "useMemo", "aps.filter", "networks.find", "setSelectedApId"], "search-terms": ["AccessPointsPage", "Wi-Fi access points", "statusBadge", "networkService", "accessPointService", "React component for access points list"], "state": 2, "file_id": 33, "knowledge_revision": 81, "git_revision": "a14d0d230fcbd8a01492c98ca50c827b5509367c", "ctags": [{"_type": "tag", "name": "AccessPointsPage", "path": "/home/kavia/workspace/code-generation/wifi-network-management-system-229868-229877/wifi_management_frontend/src/pages/AccessPointsPage.js", "pattern": "/^export function AccessPointsPage() {$/", "language": "JavaScript", "kind": "function", "signature": "()"}, {"_type": "tag", "name": "statusBadge", "path": "/home/kavia/workspace/code-generation/wifi-network-management-system-229868-229877/wifi_management_frontend/src/pages/AccessPointsPage.js", "pattern": "/^function statusBadge(status) {$/", "language": "JavaScript", "kind": "function", "signature": "(status)"}], "hash": "7b243be54fc30d3dfb74602e7ac2c9ec", "format-version": 4, "code-base-name": "wifi_management_frontend", "filename": "wifi_management_frontend/src/pages/AccessPointsPage.js", "revision_history": [{"81": "a14d0d230fcbd8a01492c98ca50c827b5509367c"}]}