{"is_source_file": true, "file_id": 20, "git_revision": "", "state": 1, "description": "", "external_files": [], "external_methods": [], "published": [], "classes": [], "methods": [], "calls": [], "search-terms": [], "ctags": [{"_type": "tag", "name": "Badge", "path": "/home/kavia/workspace/code-generation/wifi-network-management-system-229868-229877/wifi_management_frontend/src/components/Badge.js", "pattern": "/^export function Badge({ variant = \"default\", children, title }) {$/", "language": "JavaScript", "kind": "function", "signature": "({ variant = \"default\", children, title })"}, {"_type": "tag", "name": "op-badge ${variantToClass(variant)}", "path": "/home/kavia/workspace/code-generation/wifi-network-management-system-229868-229877/wifi_management_frontend/src/components/Badge.js", "pattern": "/^    <span className={`op-badge ${variantToClass(variant)}`} title={title}>$/", "language": "JavaScript", "kind": "field", "scope": "Badge.AnonymousClassa95cb5dc0101", "scopeKind": "class"}, {"_type": "tag", "name": "variantToClass", "path": "/home/kavia/workspace/code-generation/wifi-network-management-system-229868-229877/wifi_management_frontend/src/components/Badge.js", "pattern": "/^function variantToClass(variant) {$/", "language": "JavaScript", "kind": "function", "signature": "(variant)"}], "format": "JavaScript", "hash": "21e9d13147d79698abbad22c209ad846", "format-version": 4, "code-base-name": "wifi_management_frontend", "filename": "wifi_management_frontend/src/components/Badge.js", "knowledge_revision": 36}