{"is_source_file": false, "format": "", "description": "", "external_files": [], "external_methods": [], "published": [], "classes": [], "methods": [], "calls": [], "search-terms": [], "state": 2, "file_id": 3, "knowledge_revision": 14, "git_revision": "bdf12f946172ddffb969259bdd0bab59e95fe764", "hash": "22f9e17cc1848b56dbb244518ac2707e", "format-version": 4, "code-base-name": "wifi_management_frontend", "filename": "wifi_management_frontend/src/App.css", "revision_history": [{"14": "bdf12f946172ddffb969259bdd0bab59e95fe764"}]}