{"is_source_file": true, "format": "JavaScript (React JSX)", "description": "This file defines routing configuration for a React application using react-router-dom. It sets up different routes associated with specific pages, applying route guards for authentication and admin access where necessary.", "external_files": ["../layout/AppShell", "../components/RouteGuards", "../pages/DashboardPage", "../pages/NetworksPage", "../pages/AccessPointsPage", "../pages/AccessPointDetailsPage", "../pages/ClientsPage", "../pages/AlertsPage", "../pages/AdminUsersPage", "../pages/SettingsPage", "../pages/LoginPage"], "external_methods": ["Routes", "Route"], "published": ["AppRoutes"], "classes": [], "methods": [{"name": "AppRoutes()", "description": "Defines the routing structure for the application, mapping paths to components with authentication and authorization guards.", "scope": "", "scopeKind": ""}], "calls": ["React", "Routes", "Route", "AppShell", "RequireAuth", "RequireAdmin", "DashboardPage", "NetworksPage", "AccessPointsPage", "AccessPointDetailsPage", "ClientsPage", "AlertsPage", "AdminUsersPage", "SettingsPage", "LoginPage"], "search-terms": ["React Router", "Route Guards", "Page Components", "Routing setup", "Protected routes", "Admin routes"], "state": 2, "file_id": 40, "knowledge_revision": 88, "git_revision": "a14d0d230fcbd8a01492c98ca50c827b5509367c", "ctags": [{"_type": "tag", "name": "AppRoutes", "path": "/home/kavia/workspace/code-generation/wifi-network-management-system-229868-229877/wifi_management_frontend/src/routes/AppRoutes.js", "pattern": "/^export function AppRoutes() {$/", "language": "JavaScript", "kind": "function", "signature": "()"}], "hash": "8ec1acd70499247392a15b021a1e5285", "format-version": 4, "code-base-name": "wifi_management_frontend", "filename": "wifi_management_frontend/src/routes/AppRoutes.js", "revision_history": [{"88": "a14d0d230fcbd8a01492c98ca50c827b5509367c"}]}