{"is_source_file": true, "file_id": 21, "git_revision": "", "state": 1, "description": "", "external_files": [], "external_methods": [], "published": [], "classes": [], "methods": [], "calls": [], "search-terms": [], "ctags": [{"_type": "tag", "name": "SettingsPage", "path": "/home/kavia/workspace/code-generation/wifi-network-management-system-229868-229877/wifi_management_frontend/src/pages/SettingsPage.js", "pattern": "/^function SettingsPage() {$/", "language": "JavaScript", "kind": "function", "signature": "()"}], "format": "JavaScript", "hash": "f47835e7532decc59dd404e2629fc194", "format-version": 4, "code-base-name": "wifi_management_frontend", "filename": "wifi_management_frontend/src/pages/SettingsPage.js", "knowledge_revision": 39}