{"is_source_file": true, "format": "JavaScript (React)", "description": "This file defines the AlertsPage React component, which displays and manages a list of alerts with filtering and acknowledgment functionality. It imports various components, hooks, and services to render the alert data, handle user interactions, and fetch data from the alert service.", "external_files": ["../components/Badge", "../components/Button", "../components/DataTable", "../components/States", "../services", "../state/AuthContext", "../state/ToastContext"], "external_methods": ["alertService.list", "alertService.acknowledge", "toasts.pushSuccess", "toasts.pushError"], "published": ["AlertsPage"], "classes": [], "methods": [{"name": "severityBadge(sev)", "description": "Returns a Badge component with color and label based on the alert severity ('critical', 'warning', or 'info').", "scope": "", "scopeKind": ""}, {"name": "load", "description": "Asynchronously fetches alert data from the alert service and updates component state; used for initial load and retries."}, {"name": "AlertsPage()", "scope": "", "scopeKind": "", "description": "unavailable"}], "calls": ["alertService.list", "alertService.acknowledge", "toasts.pushSuccess", "toasts.pushError", "useAuth", "useToasts", "useState", "useEffect", "useMemo", "setAlerts", "setLoading", "setError", "setSeverity", "setAlerts"], "search-terms": ["AlertsPage", "alertService", "severity", "acknowledged", "useAuth", "useToasts", "DataTable", "filter", "acknowledge", "severityBadge", "React"], "state": 2, "file_id": 36, "knowledge_revision": 84, "git_revision": "a14d0d230fcbd8a01492c98ca50c827b5509367c", "ctags": [{"_type": "tag", "name": "AlertsPage", "path": "/home/kavia/workspace/code-generation/wifi-network-management-system-229868-229877/wifi_management_frontend/src/pages/AlertsPage.js", "pattern": "/^export function AlertsPage() {$/", "language": "JavaScript", "kind": "function", "signature": "()"}, {"_type": "tag", "name": "severityBadge", "path": "/home/kavia/workspace/code-generation/wifi-network-management-system-229868-229877/wifi_management_frontend/src/pages/AlertsPage.js", "pattern": "/^function severityBadge(sev) {$/", "language": "JavaScript", "kind": "function", "signature": "(sev)"}], "hash": "da5a1b43a5c221e8437aef1a31654f78", "format-version": 4, "code-base-name": "wifi_management_frontend", "filename": "wifi_management_frontend/src/pages/AlertsPage.js", "revision_history": [{"84": "a14d0d230fcbd8a01492c98ca50c827b5509367c"}]}