{"is_source_file": true, "file_id": 22, "git_revision": "", "state": 1, "description": "", "external_files": [], "external_methods": [], "published": [], "classes": [], "methods": [], "calls": [], "search-terms": [], "ctags": [{"_type": "tag", "name": "Card", "path": "/home/kavia/workspace/code-generation/wifi-network-management-system-229868-229877/wifi_management_frontend/src/components/ui/Card.js", "pattern": "/^function Card({$/", "language": "JavaScript", "kind": "function", "signature": "({ children, className = \"\", flat = false, as: Component = \"div\", ...rest })"}, {"_type": "tag", "name": "cls", "path": "/home/kavia/workspace/code-generation/wifi-network-management-system-229868-229877/wifi_management_frontend/src/components/ui/Card.js", "pattern": "/^    <Component className={cls} {...rest}>$/", "language": "JavaScript", "kind": "field", "scope": "Card.AnonymousClass2403eed00101", "scopeKind": "class"}], "format": "JavaScript", "hash": "4dacd94a249f55ef126f553bb8ff9e49", "format-version": 4, "code-base-name": "wifi_management_frontend", "filename": "wifi_management_frontend/src/components/ui/Card.js", "knowledge_revision": 56}