{"is_source_file": true, "format": "JavaScript (React JSX)", "description": "This file defines a React functional component named ClientDetailPage, which serves as a scaffold for displaying client details within a management system. It primarily renders UI components for status, actions, and navigation, with placeholder content indicating future enhancements.", "external_files": ["../../components/ui", "react", "react-router-dom"], "external_methods": ["React", "useParams", "Link"], "published": ["ClientDetailPage"], "classes": [], "methods": [{"name": "ClientDetailPage()", "description": "Functional React component rendering a placeholder for client details including status, actions, and navigation.", "scope": "", "scopeKind": ""}], "calls": ["useParams", "Link", "Badge", "Button", "Card"], "search-terms": ["ClientDetailPage", "React component", "client details scaffold", "react-router-dom", "UI components"], "state": 2, "file_id": 20, "knowledge_revision": 72, "git_revision": "b760309fd8ec24d9309d09c4e74a8fc0c6dc6431", "revision_history": [{"48": "458cbef614d06b0778e7dc5714257f3d0fcc8ff4"}, {"72": "b760309fd8ec24d9309d09c4e74a8fc0c6dc6431"}], "ctags": [{"_type": "tag", "name": "ClientDetailPage", "path": "/home/kavia/workspace/code-generation/wifi-network-management-system-229868-229877/wifi_management_frontend/src/pages/clients/ClientDetailPage.js", "pattern": "/^function ClientDetailPage() {$/", "language": "JavaScript", "kind": "function", "signature": "()"}], "hash": "9fade3602d313841ab788cdfd7ca9c04", "format-version": 4, "code-base-name": "wifi_management_frontend", "filename": "wifi_management_frontend/src/pages/clients/ClientDetailPage.js"}