{"is_source_file": true, "format": "JavaScript (React JSX)", "description": "This file defines the React component 'AppLayout' that serves as the main layout for the application. It includes routing and navigation elements such as SidebarNav and HeaderStatus, and dynamically sets the header title based on the current route.", "external_files": ["./SidebarNav", "./HeaderStatus"], "external_methods": ["useLocation", "useMemo"], "published": ["AppLayout"], "classes": [], "methods": [{"name": "getHeaderTitle(pathname)", "description": "Determines the header title based on the current route pathname.", "scope": "", "scopeKind": ""}, {"name": "AppLayout()", "description": "Main layout component rendering the application shell with sidebar, header, and main content area.", "scope": "", "scopeKind": ""}], "calls": ["useLocation", "useMemo", "getHeaderTitle", "SidebarNav", "HeaderStatus", "Outlet"], "search-terms": ["React AppLayout", "route-based header title", "sidebar navigation React", "HeaderStatus component", "Outlet for nested routes"], "state": 2, "file_id": 13, "knowledge_revision": 41, "git_revision": "", "ctags": [{"_type": "tag", "name": "AppLayout", "path": "/home/kavia/workspace/code-generation/wifi-network-management-system-229868-229877/wifi_management_frontend/src/components/layout/AppLayout.js", "pattern": "/^function AppLayout() {$/", "language": "JavaScript", "kind": "function", "signature": "()"}, {"_type": "tag", "name": "getHeaderTitle", "path": "/home/kavia/workspace/code-generation/wifi-network-management-system-229868-229877/wifi_management_frontend/src/components/layout/AppLayout.js", "pattern": "/^function getHeaderTitle(pathname) {$/", "language": "JavaScript", "kind": "function", "signature": "(pathname)"}], "hash": "897d84c0cbe45751225d6b283cebc1ea", "format-version": 4, "code-base-name": "wifi_management_frontend", "filename": "wifi_management_frontend/src/components/layout/AppLayout.js", "revision_history": [{"41": ""}]}