{"is_source_file": true, "format": "JavaScript (React JSX)", "description": "This file defines the NetworkDetailPage React component, which renders a detailed view of a network, including its status, configuration, connected clients, and various actions. It manages state, fetches data from network and client services, and provides UI tabs for different sections like overview, security, band/channel, and clients.", "external_files": ["../../api", "../../components/ui", "react", "react-router-dom"], "external_methods": ["networksService.get", "networksService.update", "networksService.remove", "clientsService.list"], "published": ["NetworkDetailPage"], "classes": [], "methods": [{"name": "normalizeApiErrorMessage(err)", "description": "Normalizes error messages received from API responses for display.", "scope": "", "scopeKind": ""}, {"name": "isEnabledStatus(status)", "description": "Determines if a network status indicates it is enabled/active.", "scope": "", "scopeKind": ""}, {"name": "statusToBadge(status)", "description": "Converts network status to a badge object with variant and label.", "scope": "", "scopeKind": ""}, {"name": "clientStatusBadge(status)", "description": "Returns badge info based on client connection status.", "scope": "", "scopeKind": ""}, {"name": "safeNumber(v, fallback = null)", "description": "Safely converts a value to a number with fallback.", "scope": "", "scopeKind": ""}, {"name": "NetworkDetailPage()", "description": "Main React component implementing the network detail view with tabs and actions.", "scope": "", "scopeKind": ""}], "calls": ["useCallback", "useMemo", "useRef", "useState", "useNavigate", "useParams", "networksService.get", "clientsService.list", "networksService.update", "networksService.remove", "setNetwork", "setClients", "setErrorMessage", "setLoading", "setActiveTab", "setEditableName", "setEditableBand", "setEditableSecurity", "setEditableChannel", "setBusy", "setConfirmState", "navigate", "setNetwork", "setClients", "setErrorMessage", "setLoading", "setActiveTab", "setConfirmState", "closeConfirm", "openConfirm", "onToggleEnabled", "onDelete", "fetchAll", "statusToBadge", "clientStatusBadge"], "search-terms": ["NetworkDetailPage", "networkId", "react-router-dom", "services", "UI components", "network status", "clients list", "network actions", "React hooks", "tabs", "network configuration"], "state": 2, "file_id": 18, "knowledge_revision": 112, "git_revision": "b760309fd8ec24d9309d09c4e74a8fc0c6dc6431", "revision_history": [{"46": "458cbef614d06b0778e7dc5714257f3d0fcc8ff4"}, {"70": "b760309fd8ec24d9309d09c4e74a8fc0c6dc6431"}, {"112": "b760309fd8ec24d9309d09c4e74a8fc0c6dc6431"}], "ctags": [{"_type": "tag", "name": "NetworkDetailPage", "path": "/home/kavia/workspace/code-generation/wifi-network-management-system-229868-229877/wifi_management_frontend/src/pages/networks/NetworkDetailPage.js", "pattern": "/^function NetworkDetailPage() {$/", "language": "JavaScript", "kind": "function", "signature": "()"}, {"_type": "tag", "name": "badge", "path": "/home/kavia/workspace/code-generation/wifi-network-management-system-229868-229877/wifi_management_frontend/src/pages/networks/NetworkDetailPage.js", "pattern": "/^        {!loading && network ? <Badge variant={badge.variant}>{badge.label}<\\/Badge> : null}$/", "language": "JavaScript", "kind": "field", "scope": "NetworkDetailPage.AnonymousClassf341f1590101", "scopeKind": "class"}, {"_type": "tag", "name": "clientStatusBadge", "path": "/home/kavia/workspace/code-generation/wifi-network-management-system-229868-229877/wifi_management_frontend/src/pages/networks/NetworkDetailPage.js", "pattern": "/^function clientStatusBadge(status) {$/", "language": "JavaScript", "kind": "function", "signature": "(status)"}, {"_type": "tag", "name": "closeConfirm", "path": "/home/kavia/workspace/code-generation/wifi-network-management-system-229868-229877/wifi_management_frontend/src/pages/networks/NetworkDetailPage.js", "pattern": "/^        onCancel={closeConfirm}$/", "language": "JavaScript", "kind": "field", "scope": "NetworkDetailPage.onCancel", "scopeKind": "class"}, {"_type": "tag", "name": "confirmState", "path": "/home/kavia/workspace/code-generation/wifi-network-management-system-229868-229877/wifi_management_frontend/src/pages/networks/NetworkDetailPage.js", "pattern": "/^        confirmLabel={confirmState.confirmLabel}$/", "language": "JavaScript", "kind": "field", "scope": "NetworkDetailPage.confirmLabel", "scopeKind": "class"}, {"_type": "tag", "name": "confirmState", "path": "/home/kavia/workspace/code-generation/wifi-network-management-system-229868-229877/wifi_management_frontend/src/pages/networks/NetworkDetailPage.js", "pattern": "/^        description={confirmState.description}$/", "language": "JavaScript", "kind": "field", "scope": "NetworkDetailPage.description", "scopeKind": "class"}, {"_type": "tag", "name": "confirmState", "path": "/home/kavia/workspace/code-generation/wifi-network-management-system-229868-229877/wifi_management_frontend/src/pages/networks/NetworkDetailPage.js", "pattern": "/^        onConfirm={confirmState.onConfirm || closeConfirm}$/", "language": "JavaScript", "kind": "field", "scope": "NetworkDetailPage.onConfirm", "scopeKind": "class"}, {"_type": "tag", "name": "confirmState", "path": "/home/kavia/workspace/code-generation/wifi-network-management-system-229868-229877/wifi_management_frontend/src/pages/networks/NetworkDetailPage.js", "pattern": "/^        open={confirmState.open}$/", "language": "JavaScript", "kind": "field", "scope": "NetworkDetailPage.open", "scopeKind": "class"}, {"_type": "tag", "name": "confirmState", "path": "/home/kavia/workspace/code-generation/wifi-network-management-system-229868-229877/wifi_management_frontend/src/pages/networks/NetworkDetailPage.js", "pattern": "/^        title={confirmState.title}$/", "language": "JavaScript", "kind": "field", "scope": "NetworkDetailPage.title", "scopeKind": "class"}, {"_type": "tag", "name": "confirmState", "path": "/home/kavia/workspace/code-generation/wifi-network-management-system-229868-229877/wifi_management_frontend/src/pages/networks/NetworkDetailPage.js", "pattern": "/^        tone={confirmState.tone}$/", "language": "JavaScript", "kind": "field", "scope": "NetworkDetailPage.tone", "scopeKind": "class"}, {"_type": "tag", "name": "isEnabledStatus", "path": "/home/kavia/workspace/code-generation/wifi-network-management-system-229868-229877/wifi_management_frontend/src/pages/networks/NetworkDetailPage.js", "pattern": "/^function isEnabledStatus(status) {$/", "language": "JavaScript", "kind": "function", "signature": "(status)"}, {"_type": "tag", "name": "normalizeApiErrorMessage", "path": "/home/kavia/workspace/code-generation/wifi-network-management-system-229868-229877/wifi_management_frontend/src/pages/networks/NetworkDetailPage.js", "pattern": "/^function normalizeApiErrorMessage(err) {$/", "language": "JavaScript", "kind": "function", "signature": "(err)"}, {"_type": "tag", "name": "safeNumber", "path": "/home/kavia/workspace/code-generation/wifi-network-management-system-229868-229877/wifi_management_frontend/src/pages/networks/NetworkDetailPage.js", "pattern": "/^function safeNumber(v, fallback = null) {$/", "language": "JavaScript", "kind": "function", "signature": "(v, fallback = null)"}, {"_type": "tag", "name": "statusToBadge", "path": "/home/kavia/workspace/code-generation/wifi-network-management-system-229868-229877/wifi_management_frontend/src/pages/networks/NetworkDetailPage.js", "pattern": "/^function statusToBadge(status) {$/", "language": "JavaScript", "kind": "function", "signature": "(status)"}, {"_type": "tag", "name": "tabs", "path": "/home/kavia/workspace/code-generation/wifi-network-management-system-229868-229877/wifi_management_frontend/src/pages/networks/NetworkDetailPage.js", "pattern": "/^const tabs = [$/", "language": "JavaScript", "kind": "constant"}], "hash": "d912e092e0a188bff1f476059b3363cc", "format-version": 4, "code-base-name": "wifi_management_frontend", "filename": "wifi_management_frontend/src/pages/networks/NetworkDetailPage.js", "fields": [{"name": "{!loading && network ? <Badge variant={badge.variant}>{badge.label}<\\/Badge> : null}", "scope": "NetworkDetailPage.AnonymousClassf341f1590101", "scopeKind": "class", "description": "unavailable"}, {"name": "onCancel={closeConfirm}", "scope": "NetworkDetailPage.onCancel", "scopeKind": "class", "description": "unavailable"}, {"name": "confirmLabel={confirmState.confirmLabel}", "scope": "NetworkDetailPage.confirmLabel", "scopeKind": "class", "description": "unavailable"}, {"name": "description={confirmState.description}", "scope": "NetworkDetailPage.description", "scopeKind": "class", "description": "unavailable"}, {"name": "onConfirm={confirmState.onConfirm || closeConfirm}", "scope": "NetworkDetailPage.onConfirm", "scopeKind": "class", "description": "unavailable"}, {"name": "open={confirmState.open}", "scope": "NetworkDetailPage.open", "scopeKind": "class", "description": "unavailable"}, {"name": "title={confirmState.title}", "scope": "NetworkDetailPage.title", "scopeKind": "class", "description": "unavailable"}, {"name": "tone={confirmState.tone}", "scope": "NetworkDetailPage.tone", "scopeKind": "class", "description": "unavailable"}]}