{"is_source_file": false, "format": "", "description": "", "external_files": [], "external_methods": [], "published": [], "classes": [], "methods": [], "calls": [], "search-terms": ["App.css", "CSS", "CSS styling", "responsive layout", "media queries", "sidebar styling", "header styling", "grid layout", "buttons styling", "notification toasts"], "state": 2, "file_id": 7, "knowledge_revision": 28, "git_revision": "4c1a4804e3fadbe01041f24e0d2bcea596e5e1e3", "hash": "ee80d8dfa7f4472a99a3b137869cf4c9", "format-version": 4, "code-base-name": "wifi_management_frontend", "filename": "wifi_management_frontend/src/App.css", "revision_history": [{"28": "4c1a4804e3fadbe01041f24e0d2bcea596e5e1e3"}]}