{"is_source_file": true, "file_id": 18, "git_revision": "", "state": 1, "description": "", "external_files": [], "external_methods": [], "published": [], "classes": [], "methods": [], "calls": [], "search-terms": [], "ctags": [{"_type": "tag", "name": "NetworkDetailPage", "path": "/home/kavia/workspace/code-generation/wifi-network-management-system-229868-229877/wifi_management_frontend/src/pages/networks/NetworkDetailPage.js", "pattern": "/^function NetworkDetailPage() {$/", "language": "JavaScript", "kind": "function", "signature": "()"}], "format": "JavaScript", "hash": "7ef19879bbd784c5259da89df622139f", "format-version": 4, "code-base-name": "wifi_management_frontend", "filename": "wifi_management_frontend/src/pages/networks/NetworkDetailPage.js", "knowledge_revision": 36}