{"is_source_file": true, "file_id": 32, "git_revision": "", "state": 1, "description": "", "external_files": [], "external_methods": [], "published": [], "classes": [], "methods": [], "calls": [], "search-terms": [], "ctags": [{"_type": "tag", "name": "apiDelete", "path": "/home/kavia/workspace/code-generation/wifi-network-management-system-229868-229877/wifi_management_frontend/src/api/apiClient.js", "pattern": "/^export function apiDelete(path, options = {}) {$/", "language": "JavaScript", "kind": "function", "signature": "(path, options = {})"}, {"_type": "tag", "name": "apiGet", "path": "/home/kavia/workspace/code-generation/wifi-network-management-system-229868-229877/wifi_management_frontend/src/api/apiClient.js", "pattern": "/^export function apiGet(path, options = {}) {$/", "language": "JavaScript", "kind": "function", "signature": "(path, options = {})"}, {"_type": "tag", "name": "apiPatch", "path": "/home/kavia/workspace/code-generation/wifi-network-management-system-229868-229877/wifi_management_frontend/src/api/apiClient.js", "pattern": "/^export function apiPatch(path, body, options = {}) {$/", "language": "JavaScript", "kind": "function", "signature": "(path, body, options = {})"}, {"_type": "tag", "name": "apiPost", "path": "/home/kavia/workspace/code-generation/wifi-network-management-system-229868-229877/wifi_management_frontend/src/api/apiClient.js", "pattern": "/^export function apiPost(path, body, options = {}) {$/", "language": "JavaScript", "kind": "function", "signature": "(path, body, options = {})"}, {"_type": "tag", "name": "apiPut", "path": "/home/kavia/workspace/code-generation/wifi-network-management-system-229868-229877/wifi_management_frontend/src/api/apiClient.js", "pattern": "/^export function apiPut(path, body, options = {}) {$/", "language": "JavaScript", "kind": "function", "signature": "(path, body, options = {})"}, {"_type": "tag", "name": "createApiError", "path": "/home/kavia/workspace/code-generation/wifi-network-management-system-229868-229877/wifi_management_frontend/src/api/apiClient.js", "pattern": "/^function createApiError({ message, status = null, code = null, details = null, cause }) {$/", "language": "JavaScript", "kind": "function", "signature": "({ message, status = null, code = null, details = null, cause })"}, {"_type": "tag", "name": "getApiBase", "path": "/home/kavia/workspace/code-generation/wifi-network-management-system-229868-229877/wifi_management_frontend/src/api/apiClient.js", "pattern": "/^function getApiBase() {$/", "language": "JavaScript", "kind": "function", "signature": "()"}, {"_type": "tag", "name": "getConfiguredApiBase", "path": "/home/kavia/workspace/code-generation/wifi-network-management-system-229868-229877/wifi_management_frontend/src/api/apiClient.js", "pattern": "/^export function getConfiguredApiBase() {$/", "language": "JavaScript", "kind": "function", "signature": "()"}, {"_type": "tag", "name": "joinUrl", "path": "/home/kavia/workspace/code-generation/wifi-network-management-system-229868-229877/wifi_management_frontend/src/api/apiClient.js", "pattern": "/^function joinUrl(base, path) {$/", "language": "JavaScript", "kind": "function", "signature": "(base, path)"}, {"_type": "tag", "name": "message", "path": "/home/kavia/workspace/code-generation/wifi-network-management-system-229868-229877/wifi_management_frontend/src/api/apiClient.js", "pattern": "/^  err.api = { message, status, code, details };$/", "language": "JavaScript", "kind": "field", "scope": "err.api", "scopeKind": "class"}, {"_type": "tag", "name": "readResponseBody", "path": "/home/kavia/workspace/code-generation/wifi-network-management-system-229868-229877/wifi_management_frontend/src/api/apiClient.js", "pattern": "/^async function readResponseBody(response) {$/", "language": "JavaScript", "kind": "function", "signature": "(response)"}, {"_type": "tag", "name": "request", "path": "/home/kavia/workspace/code-generation/wifi-network-management-system-229868-229877/wifi_management_frontend/src/api/apiClient.js", "pattern": "/^async function request(path, options = {}) {$/", "language": "JavaScript", "kind": "function", "signature": "(path, options = {})"}], "format": "JavaScript", "hash": "cd6ff01a35f3a631539d80260a2c1064", "format-version": 4, "code-base-name": "wifi_management_frontend", "filename": "wifi_management_frontend/src/api/apiClient.js", "knowledge_revision": 83}