{"is_source_file": true, "format": "JavaScript (React JSX)", "description": "This file is the main entry point for a React frontend application, defining the routing structure and main layout components for a Wi-Fi network management system.", "external_files": ["./components/layout/AppLayout", "./pages/DashboardPage", "./pages/networks/NetworksListPage", "./pages/networks/NetworkDetailPage", "./pages/clients/ClientsListPage", "./pages/clients/ClientDetailPage", "./pages/SettingsPage", "./App.css"], "external_methods": ["React", "Navigate", "Route", "Routes"], "published": ["App"], "classes": [], "methods": [{"name": "App()", "description": "Root React component defining the application's routing structure and layout.", "scope": "", "scopeKind": ""}], "calls": ["React", "Navigate", "Route", "Routes"], "search-terms": ["React Router", "AppLayout", "DashboardPage", "NetworkDetailPage", "ClientsListPage", "SettingsPage", "routing", "Single Page Application", "/dashboard", "networks", "clients"], "state": 2, "file_id": 2, "knowledge_revision": 28, "git_revision": "bdf12f946172ddffb969259bdd0bab59e95fe764", "revision_history": [{"24": "bdf12f946172ddffb969259bdd0bab59e95fe764"}, {"28": "bdf12f946172ddffb969259bdd0bab59e95fe764"}], "ctags": [{"_type": "tag", "name": "App", "path": "/home/kavia/workspace/code-generation/wifi-network-management-system-229868-229877/wifi_management_frontend/src/App.js", "pattern": "/^function App() {$/", "language": "JavaScript", "kind": "function", "signature": "()"}], "hash": "d15694d196c4149792c2359e1df81706", "format-version": 4, "code-base-name": "wifi_management_frontend", "filename": "wifi_management_frontend/src/App.js"}