{"is_source_file": false, "format": "", "description": "", "external_files": [], "external_methods": [], "published": [], "classes": [], "methods": [], "calls": [], "search-terms": [], "state": 2, "file_id": 8, "knowledge_revision": 103, "git_revision": "977f6e594962f9479aa74597ad278d2e885db161", "hash": "c3ab26d2c21876b01aa6c94ee75fe0cb", "format-version": 4, "code-base-name": "wifi_management_frontend", "filename": "wifi_management_frontend/README.md", "revision_history": [{"103": "977f6e594962f9479aa74597ad278d2e885db161"}]}