{"is_source_file": true, "format": "JavaScript (React JSX)", "description": "This file defines a React component 'LoginPage' responsible for user login UI and logic within a web application. It handles user authentication, navigation upon successful login, and displays login form elements.", "external_files": ["../components/Button", "../state/AuthContext", "../state/ToastContext", "react", "react-router-dom"], "external_methods": ["useNavigate", "Navigate", "useAuth", "useToasts", "Button", "setEmail", "setBusy"], "published": ["LoginPage"], "classes": [], "methods": [{"name": "LoginPage()", "description": "React functional component that renders a login form, manages local state, handles login logic, and performs navigation on success.", "scope": "", "scopeKind": ""}, {"name": "onSubmit", "description": "Handles form submission: performs login asynchronously, shows success or error toasts, and navigates on success."}], "calls": ["useNavigate()", "useAuth()", "useToasts()", "login(email)", "toasts.pushSuccess(\"Signed in\", email)", "toasts.pushError(\"Login failed\", err.message)", "nav(\"/\")"], "search-terms": ["LoginPage React component", "React useState for email and busy", "react-router-dom navigation", "auth context login", "toast notifications", "login form JSX"], "state": 2, "file_id": 39, "knowledge_revision": 87, "git_revision": "a14d0d230fcbd8a01492c98ca50c827b5509367c", "ctags": [{"_type": "tag", "name": "LoginPage", "path": "/home/kavia/workspace/code-generation/wifi-network-management-system-229868-229877/wifi_management_frontend/src/pages/LoginPage.js", "pattern": "/^export function LoginPage() {$/", "language": "JavaScript", "kind": "function", "signature": "()"}], "hash": "be9bcf7cb6c63fe9ac085a6a8a6ea330", "format-version": 4, "code-base-name": "wifi_management_frontend", "filename": "wifi_management_frontend/src/pages/LoginPage.js", "revision_history": [{"87": "a14d0d230fcbd8a01492c98ca50c827b5509367c"}]}