{"is_source_file": true, "format": "JavaScript (React JSX)", "description": "This file defines a React functional component named DashboardPage, which renders a dashboard UI with status indicators, refresh button, informational cards, and placeholder components for loading and error states.", "external_files": ["../components/ui", "react"], "external_methods": ["React.useMemo", "React.useState", "window.setTimeout"], "published": ["DashboardPage"], "classes": [], "methods": [{"name": "DashboardPage()", "description": "React functional component rendering the dashboard UI with status, refresh mechanism, and placeholders.", "scope": "", "scopeKind": ""}], "calls": ["React.useMemo", "React.useState", "setLoading", "window.setTimeout", "Badge", "Button", "Card", "ErrorBanner", "LoadingSkeleton"], "search-terms": ["DashboardPage", "React", "ui components", "status indicator", "loading skeleton", "error banner", "UI wiring", "placeholder", "wifi network management"], "state": 2, "file_id": 16, "knowledge_revision": 68, "git_revision": "b760309fd8ec24d9309d09c4e74a8fc0c6dc6431", "revision_history": [{"44": ""}, {"68": "b760309fd8ec24d9309d09c4e74a8fc0c6dc6431"}], "ctags": [{"_type": "tag", "name": "DashboardPage", "path": "/home/kavia/workspace/code-generation/wifi-network-management-system-229868-229877/wifi_management_frontend/src/pages/DashboardPage.js", "pattern": "/^function DashboardPage() {$/", "language": "JavaScript", "kind": "function", "signature": "()"}, {"_type": "tag", "name": "loading", "path": "/home/kavia/workspace/code-generation/wifi-network-management-system-229868-229877/wifi_management_frontend/src/pages/DashboardPage.js", "pattern": "/^          loading={loading}$/", "language": "JavaScript", "kind": "field", "scope": "loading", "scopeKind": "class"}, {"_type": "tag", "name": "status", "path": "/home/kavia/workspace/code-generation/wifi-network-management-system-229868-229877/wifi_management_frontend/src/pages/DashboardPage.js", "pattern": "/^        <Badge variant={status.variant}>System: {status.label}<\\/Badge>$/", "language": "JavaScript", "kind": "field", "scope": "AnonymousClasse63ec5180101", "scopeKind": "class"}], "hash": "d182eca6aa1d76d3c3b46996b28108b6", "format-version": 4, "code-base-name": "wifi_management_frontend", "filename": "wifi_management_frontend/src/pages/DashboardPage.js", "fields": [{"name": "loading={loading}", "scope": "loading", "scopeKind": "class", "description": "unavailable"}, {"name": "<Badge variant={status.variant}>System: {status.label}<\\/Badge>", "scope": "AnonymousClasse63ec5180101", "scopeKind": "class", "description": "unavailable"}]}