{"is_source_file": false, "format": "", "description": "", "external_files": [], "external_methods": [], "published": [], "classes": [], "methods": [], "calls": [], "search-terms": [], "state": 2, "file_id": 3, "knowledge_revision": 14, "git_revision": "4c1a4804e3fadbe01041f24e0d2bcea596e5e1e3", "hash": "d9d975cebe2ec20b6c652e1e4c12ccf0", "format-version": 4, "code-base-name": "wifi_management_frontend", "filename": "wifi_management_frontend/public/manifest.json", "revision_history": [{"14": "4c1a4804e3fadbe01041f24e0d2bcea596e5e1e3"}]}