{"is_source_file": true, "file_id": 15, "git_revision": "", "state": 1, "description": "", "external_files": [], "external_methods": [], "published": [], "classes": [], "methods": [], "calls": [], "search-terms": [], "ctags": [{"_type": "tag", "name": "ApiClient", "path": "/home/kavia/workspace/code-generation/wifi-network-management-system-229868-229877/wifi_management_frontend/src/services/apiClient.js", "pattern": "/^export class ApiClient {$/", "language": "JavaScript", "kind": "class"}, {"_type": "tag", "name": "constructor", "path": "/home/kavia/workspace/code-generation/wifi-network-management-system-229868-229877/wifi_management_frontend/src/services/apiClient.js", "pattern": "/^  constructor({ baseUrl, featureFlags } = {}) {$/", "language": "JavaScript", "kind": "method", "signature": "({ baseUrl, featureFlags } = {})", "scope": "ApiClient", "scopeKind": "class"}, {"_type": "tag", "name": "createApiClient", "path": "/home/kavia/workspace/code-generation/wifi-network-management-system-229868-229877/wifi_management_frontend/src/services/apiClient.js", "pattern": "/^export function createApiClient() {$/", "language": "JavaScript", "kind": "function", "signature": "()"}, {"_type": "tag", "name": "normalizeError", "path": "/home/kavia/workspace/code-generation/wifi-network-management-system-229868-229877/wifi_management_frontend/src/services/apiClient.js", "pattern": "/^function normalizeError(err) {$/", "language": "JavaScript", "kind": "function", "signature": "(err)"}, {"_type": "tag", "name": "request", "path": "/home/kavia/workspace/code-generation/wifi-network-management-system-229868-229877/wifi_management_frontend/src/services/apiClient.js", "pattern": "/^  async request(_path, _options = {}) {$/", "language": "JavaScript", "kind": "method", "signature": "(_path, _options = {})", "scope": "ApiClient", "scopeKind": "class"}, {"_type": "tag", "name": "simulateLatency", "path": "/home/kavia/workspace/code-generation/wifi-network-management-system-229868-229877/wifi_management_frontend/src/services/apiClient.js", "pattern": "/^  async simulateLatency(ms = 450) {$/", "language": "JavaScript", "kind": "method", "signature": "(ms = 450)", "scope": "ApiClient", "scopeKind": "class"}, {"_type": "tag", "name": "withApiErrorHandling", "path": "/home/kavia/workspace/code-generation/wifi-network-management-system-229868-229877/wifi_management_frontend/src/services/apiClient.js", "pattern": "/^export function withApiErrorHandling(fn) {$/", "language": "JavaScript", "kind": "function", "signature": "(fn)"}], "format": "JavaScript", "hash": "8e3c2e982e48e85eb797289d2b6ed14e", "format-version": 4, "code-base-name": "wifi_management_frontend", "filename": "wifi_management_frontend/src/services/apiClient.js", "knowledge_revision": 31}