{"is_source_file": false, "format": "", "description": "", "external_files": [], "external_methods": [], "published": [], "classes": [], "methods": [], "calls": [], "search-terms": [], "state": 2, "file_id": 2, "knowledge_revision": 19, "git_revision": "4c1a4804e3fadbe01041f24e0d2bcea596e5e1e3", "hash": "ebece526bc2eadd78ddd787a76c56607", "format-version": 4, "code-base-name": "wifi_management_frontend", "filename": "wifi_management_frontend/README.md", "revision_history": [{"19": "4c1a4804e3fadbe01041f24e0d2bcea596e5e1e3"}]}