{"is_source_file": true, "format": "JavaScript (React JSX)", "description": "This file defines a React component ClientsPage that displays and manages a list of network clients/devices, showing details like MAC address, IP, connection quality, and block/unblock actions. It interacts with external services for data fetching and updating, and utilizes various custom components and context hooks for UI rendering and state management.", "external_files": ["../components/DataTable", "../components/Badge", "../components/Button", "../components/States", "../services", "../state/AuthContext", "../state/ToastContext"], "external_methods": ["clientService.list", "clientService.setBlocked", "useOutletContext", "useAuth", "useToasts", "toasts.pushSuccess", "toasts.pushError"], "published": ["ClientsPage"], "classes": [], "methods": [{"name": "useEffect", "description": "React hook to run the load function once when the component mounts."}, {"name": "filtered", "description": "Memoized filtered list of clients based on the globalSearch term."}, {"name": "columns", "description": "Memoized array defining the structure and rendering of table columns for the DataTable."}, {"name": "ClientsPage()", "scope": "", "scopeKind": "", "description": "unavailable"}], "calls": ["clientService.list", "clientService.setBlocked", "toasts.pushSuccess", "toasts.pushError"], "search-terms": ["ClientsPage", "network clients management", "block/unblock client", "React useState", "React useEffect", "DataTable component"], "state": 2, "file_id": 35, "knowledge_revision": 83, "git_revision": "a14d0d230fcbd8a01492c98ca50c827b5509367c", "ctags": [{"_type": "tag", "name": "ClientsPage", "path": "/home/kavia/workspace/code-generation/wifi-network-management-system-229868-229877/wifi_management_frontend/src/pages/ClientsPage.js", "pattern": "/^export function ClientsPage() {$/", "language": "JavaScript", "kind": "function", "signature": "()"}], "hash": "1b99c8c16228e8f953b648a884be6a74", "format-version": 4, "code-base-name": "wifi_management_frontend", "filename": "wifi_management_frontend/src/pages/ClientsPage.js", "revision_history": [{"83": "a14d0d230fcbd8a01492c98ca50c827b5509367c"}]}