{"is_source_file": true, "format": "JavaScript (React component)", "description": "A React functional component that acts as a form field wrapper to standardize label, help text, and error message display for form controls.", "external_files": ["react"], "external_methods": ["React.isValidElement", "React.cloneElement"], "published": ["FormField"], "classes": [], "methods": [{"name": "FormField({ label, help, error, children, id: idProp, className = \"\", })", "description": "A React functional component that wraps input controls with label, help text, and error message, managing ARIA attributes and IDs for accessibility.", "scope": "", "scopeKind": ""}], "calls": ["React.useId", "React.isValidElement", "React.cloneElement"], "search-terms": ["FormField", "React.cloneElement", "label", "help", "error", "aria-invalid", "accessibility", "form control wrapper"], "state": 2, "file_id": 26, "knowledge_revision": 77, "git_revision": "b760309fd8ec24d9309d09c4e74a8fc0c6dc6431", "ctags": [{"_type": "tag", "name": "FormField", "path": "/home/kavia/workspace/code-generation/wifi-network-management-system-229868-229877/wifi_management_frontend/src/components/ui/FormField.js", "pattern": "/^function FormField({$/", "language": "JavaScript", "kind": "function", "signature": "({ label, help, error, children, id: idProp, className = \"\", })"}, {"_type": "tag", "name": "[\"field\", className]", "path": "/home/kavia/workspace/code-generation/wifi-network-management-system-229868-229877/wifi_management_frontend/src/components/ui/FormField.js", "pattern": "/^    <div className={[\"field\", className].filter(Boolean).join(\" \")}>$/", "language": "JavaScript", "kind": "field", "scope": "FormField.AnonymousClasse589292e0101", "scopeKind": "class"}], "hash": "bd27c7d1175dad411b7c42e6eed50529", "format-version": 4, "code-base-name": "wifi_management_frontend", "filename": "wifi_management_frontend/src/components/ui/FormField.js", "fields": [{"name": "<div className={[\"field\", className].filter(Boolean).join(\" \")}>", "scope": "FormField.AnonymousClasse589292e0101", "scopeKind": "class", "description": "unavailable"}], "revision_history": [{"77": "b760309fd8ec24d9309d09c4e74a8fc0c6dc6431"}]}