{"is_source_file": true, "format": "JavaScript", "description": "This file defines a React component for displaying and managing a list of network configurations, including features such as search, sorting, toggling enable/disable status, deletion with confirmation, and navigation to edit pages.", "external_files": ["../../api", "../../components/ui", "react", "react-router-dom"], "external_methods": ["networksService.list", "networksService.update", "networksService.remove"], "published": ["NetworksListPage"], "classes": [], "methods": [{"name": "normalizeApiErrorMessage(err)", "description": "Converts various error object formats into a user-friendly error message string.", "scope": "", "scopeKind": ""}, {"name": "statusToBadge(status)", "description": "Maps network status strings to badge variant and label for UI display.", "scope": "", "scopeKind": ""}, {"name": "isEnabledStatus(status)", "description": "Checks if a given network status string indicates an enabled state.", "scope": "", "scopeKind": ""}, {"name": "toComparable(v)", "description": "Converts a value to a string suitable for comparison or sorting.", "scope": "", "scopeKind": ""}, {"name": "applySort(rows, sortState)", "description": "Sorts an array of rows based on the current sort state.", "scope": "", "scopeKind": ""}, {"name": "NetworksListPage()", "scope": "", "scopeKind": "", "description": "unavailable"}], "calls": ["react", "react-router-dom/useNavigate", "networksService.list", "networksService.update", "networksService.remove"], "search-terms": ["NetworksListPage", "React component", "network management", "sort and search", "enable/disable toggle", "delete network", "confirmation dialog", "fetch network list"], "state": 2, "file_id": 17, "knowledge_revision": 111, "git_revision": "b760309fd8ec24d9309d09c4e74a8fc0c6dc6431", "revision_history": [{"45": "458cbef614d06b0778e7dc5714257f3d0fcc8ff4"}, {"52": "458cbef614d06b0778e7dc5714257f3d0fcc8ff4"}, {"69": "b760309fd8ec24d9309d09c4e74a8fc0c6dc6431"}, {"111": "b760309fd8ec24d9309d09c4e74a8fc0c6dc6431"}], "ctags": [{"_type": "tag", "name": "NetworksListPage", "path": "/home/kavia/workspace/code-generation/wifi-network-management-system-229868-229877/wifi_management_frontend/src/pages/networks/NetworksListPage.js", "pattern": "/^function NetworksListPage() {$/", "language": "JavaScript", "kind": "function", "signature": "()"}, {"_type": "tag", "name": "applySort", "path": "/home/kavia/workspace/code-generation/wifi-network-management-system-229868-229877/wifi_management_frontend/src/pages/networks/NetworksListPage.js", "pattern": "/^function applySort(rows, sortState) {$/", "language": "JavaScript", "kind": "function", "signature": "(rows, sortState)"}, {"_type": "tag", "name": "closeConfirm", "path": "/home/kavia/workspace/code-generation/wifi-network-management-system-229868-229877/wifi_management_frontend/src/pages/networks/NetworksListPage.js", "pattern": "/^        onCancel={closeConfirm}$/", "language": "JavaScript", "kind": "field", "scope": "onCancel", "scopeKind": "class"}, {"_type": "tag", "name": "confirmState", "path": "/home/kavia/workspace/code-generation/wifi-network-management-system-229868-229877/wifi_management_frontend/src/pages/networks/NetworksListPage.js", "pattern": "/^        confirmLabel={confirmState.confirmLabel}$/", "language": "JavaScript", "kind": "field", "scope": "confirmLabel", "scopeKind": "class"}, {"_type": "tag", "name": "confirmState", "path": "/home/kavia/workspace/code-generation/wifi-network-management-system-229868-229877/wifi_management_frontend/src/pages/networks/NetworksListPage.js", "pattern": "/^        description={confirmState.description}$/", "language": "JavaScript", "kind": "field", "scope": "description", "scopeKind": "class"}, {"_type": "tag", "name": "confirmState", "path": "/home/kavia/workspace/code-generation/wifi-network-management-system-229868-229877/wifi_management_frontend/src/pages/networks/NetworksListPage.js", "pattern": "/^        onConfirm={confirmState.onConfirm || closeConfirm}$/", "language": "JavaScript", "kind": "field", "scope": "onConfirm", "scopeKind": "class"}, {"_type": "tag", "name": "confirmState", "path": "/home/kavia/workspace/code-generation/wifi-network-management-system-229868-229877/wifi_management_frontend/src/pages/networks/NetworksListPage.js", "pattern": "/^        open={confirmState.open}$/", "language": "JavaScript", "kind": "field", "scope": "open", "scopeKind": "class"}, {"_type": "tag", "name": "confirmState", "path": "/home/kavia/workspace/code-generation/wifi-network-management-system-229868-229877/wifi_management_frontend/src/pages/networks/NetworksListPage.js", "pattern": "/^        title={confirmState.title}$/", "language": "JavaScript", "kind": "field", "scope": "title", "scopeKind": "class"}, {"_type": "tag", "name": "confirmState", "path": "/home/kavia/workspace/code-generation/wifi-network-management-system-229868-229877/wifi_management_frontend/src/pages/networks/NetworksListPage.js", "pattern": "/^        tone={confirmState.tone}$/", "language": "JavaScript", "kind": "field", "scope": "tone", "scopeKind": "class"}, {"_type": "tag", "name": "isEnabledStatus", "path": "/home/kavia/workspace/code-generation/wifi-network-management-system-229868-229877/wifi_management_frontend/src/pages/networks/NetworksListPage.js", "pattern": "/^function isEnabledStatus(status) {$/", "language": "JavaScript", "kind": "function", "signature": "(status)"}, {"_type": "tag", "name": "normalizeApiErrorMessage", "path": "/home/kavia/workspace/code-generation/wifi-network-management-system-229868-229877/wifi_management_frontend/src/pages/networks/NetworksListPage.js", "pattern": "/^function normalizeApiErrorMessage(err) {$/", "language": "JavaScript", "kind": "function", "signature": "(err)"}, {"_type": "tag", "name": "query", "path": "/home/kavia/workspace/code-generation/wifi-network-management-system-229868-229877/wifi_management_frontend/src/pages/networks/NetworksListPage.js", "pattern": "/^              value={query}$/", "language": "JavaScript", "kind": "field", "scope": "value", "scopeKind": "class"}, {"_type": "tag", "name": "statusToBadge", "path": "/home/kavia/workspace/code-generation/wifi-network-management-system-229868-229877/wifi_management_frontend/src/pages/networks/NetworksListPage.js", "pattern": "/^function statusToBadge(status) {$/", "language": "JavaScript", "kind": "function", "signature": "(status)"}, {"_type": "tag", "name": "toComparable", "path": "/home/kavia/workspace/code-generation/wifi-network-management-system-229868-229877/wifi_management_frontend/src/pages/networks/NetworksListPage.js", "pattern": "/^function toComparable(v) {$/", "language": "JavaScript", "kind": "function", "signature": "(v)"}], "hash": "a2f2d1442d4cb339b095b33b73aff6c5", "format-version": 4, "code-base-name": "wifi_management_frontend", "filename": "wifi_management_frontend/src/pages/networks/NetworksListPage.js", "fields": [{"name": "onCancel={closeConfirm}", "scope": "onCancel", "scopeKind": "class", "description": "unavailable"}, {"name": "confirmLabel={confirmState.confirmLabel}", "scope": "confirmLabel", "scopeKind": "class", "description": "unavailable"}, {"name": "description={confirmState.description}", "scope": "description", "scopeKind": "class", "description": "unavailable"}, {"name": "onConfirm={confirmState.onConfirm || closeConfirm}", "scope": "onConfirm", "scopeKind": "class", "description": "unavailable"}, {"name": "open={confirmState.open}", "scope": "open", "scopeKind": "class", "description": "unavailable"}, {"name": "title={confirmState.title}", "scope": "title", "scopeKind": "class", "description": "unavailable"}, {"name": "tone={confirmState.tone}", "scope": "tone", "scopeKind": "class", "description": "unavailable"}, {"name": "value={query}", "scope": "value", "scopeKind": "class", "description": "unavailable"}]}