{"is_source_file": true, "format": "JavaScript (React JSX)", "description": "This is the main application component for a React-based front-end, setting up global context providers, routing, and toast notifications.", "external_files": ["./App.css", "./routes/AppRoutes", "./state/AuthContext", "./state/AppStateContext", "./state/ToastContext"], "external_methods": [], "published": ["App"], "classes": [], "methods": [{"name": "App()", "description": "Main React component that wraps application with context providers, routing, and notifications.", "scope": "", "scopeKind": ""}], "calls": ["React", "BrowserRouter", "AppRoutes", "AuthProvider", "AppStateProvider", "ToastProvider", "ToastRegion"], "search-terms": ["React", "App", "AppRoutes", "AuthProvider", "ToastContext", "App.css"], "state": 2, "file_id": 11, "knowledge_revision": 57, "git_revision": "a14d0d230fcbd8a01492c98ca50c827b5509367c", "revision_history": [{"25": "4c1a4804e3fadbe01041f24e0d2bcea596e5e1e3"}, {"57": "a14d0d230fcbd8a01492c98ca50c827b5509367c"}], "ctags": [{"_type": "tag", "name": "App", "path": "/home/kavia/workspace/code-generation/wifi-network-management-system-229868-229877/wifi_management_frontend/src/App.js", "pattern": "/^function App() {$/", "language": "JavaScript", "kind": "function", "signature": "()"}], "hash": "30ec73b34a2163af13b529de1a125682", "format-version": 4, "code-base-name": "wifi_management_frontend", "filename": "wifi_management_frontend/src/App.js"}