{"is_source_file": true, "file_id": 24, "git_revision": "", "state": 1, "description": "", "external_files": [], "external_methods": [], "published": [], "classes": [], "methods": [], "calls": [], "search-terms": [], "ctags": [{"_type": "tag", "name": "StatCards", "path": "/home/kavia/workspace/code-generation/wifi-network-management-system-229868-229877/wifi_management_frontend/src/components/StatCards.js", "pattern": "/^export function StatCards({ stats }) {$/", "language": "JavaScript", "kind": "function", "signature": "({ stats })"}], "format": "JavaScript", "hash": "e07eb8a765e7ea5edb6f17640d6209fe", "format-version": 4, "code-base-name": "wifi_management_frontend", "filename": "wifi_management_frontend/src/components/StatCards.js", "knowledge_revision": 40}