{"is_source_file": true, "format": "JavaScript", "description": "This file provides utility functions for parsing and managing feature flags in a React application, supporting different formats like query string, JSON, and list style flag specifications.", "external_files": [], "external_methods": [], "published": ["getFeatureFlags", "isFeatureEnabled", "getFeatureFlagValue", "getFeatureFlagBoolean", "getFeatureFlagNumber", "getFeatureFlagString"], "classes": [], "methods": [{"name": "coerceValue(raw)", "description": "Converts raw string input to boolean or returns the original string if not boolean-like.", "scope": "", "scopeKind": ""}, {"name": "parseListStyle(payload)", "description": "Parses feature flags specified as a list or key=value pairs in comma, semicolon, or ampersand separated string.", "scope": "", "scopeKind": ""}, {"name": "parseJsonStyle(payload)", "description": "Parses feature flags specified as a JSON object or array.", "scope": "", "scopeKind": ""}, {"name": "getFeatureFlags()", "description": "Retrieves and parses feature flags from the environment variable REACT_APP_FEATURE_FLAGS, supporting JSON and list formats.", "scope": "", "scopeKind": ""}, {"name": "isFeatureEnabled(flagName, defaultValue = false)", "description": "Checks if a specific feature flag is enabled (truthy).", "scope": "", "scopeKind": ""}, {"name": "getFeatureFlagValue(flagName, defaultValue = undefined)", "description": "Retrieves the raw value of a specific feature flag.", "scope": "", "scopeKind": ""}, {"name": "getFeatureFlagBoolean(flagName, defaultValue = false)", "description": "Retrieves the feature flag value coerced to a boolean.", "scope": "", "scopeKind": ""}, {"name": "getFeatureFlagNumber(flagName, defaultValue = 0)", "description": "Retrieves the feature flag value as a number, with a default fallback.", "scope": "", "scopeKind": ""}, {"name": "getFeatureFlagString(flagName, defaultValue = \"\")", "description": "Retrieves the feature flag value as a string.", "scope": "", "scopeKind": ""}], "calls": ["parseJsonStyle", "parseListStyle", "coerceValue", "getFeatureFlags"], "search-terms": ["feature flags", "REACT_APP_FEATURE_FLAGS", "parsing utilities", "configuration flags"], "state": 2, "file_id": 38, "knowledge_revision": 98, "git_revision": "977f6e594962f9479aa74597ad278d2e885db161", "ctags": [{"_type": "tag", "name": "coerceValue", "path": "/home/kavia/workspace/code-generation/wifi-network-management-system-229868-229877/wifi_management_frontend/src/utils/featureFlags.js", "pattern": "/^function coerceValue(raw) {$/", "language": "JavaScript", "kind": "function", "signature": "(raw)"}, {"_type": "tag", "name": "getFeatureFlagBoolean", "path": "/home/kavia/workspace/code-generation/wifi-network-management-system-229868-229877/wifi_management_frontend/src/utils/featureFlags.js", "pattern": "/^export function getFeatureFlagBoolean(flagName, defaultValue = false) {$/", "language": "JavaScript", "kind": "function", "signature": "(flagName, defaultValue = false)"}, {"_type": "tag", "name": "getFeatureFlagNumber", "path": "/home/kavia/workspace/code-generation/wifi-network-management-system-229868-229877/wifi_management_frontend/src/utils/featureFlags.js", "pattern": "/^export function getFeatureFlagNumber(flagName, defaultValue = 0) {$/", "language": "JavaScript", "kind": "function", "signature": "(flagName, defaultValue = 0)"}, {"_type": "tag", "name": "getFeatureFlagString", "path": "/home/kavia/workspace/code-generation/wifi-network-management-system-229868-229877/wifi_management_frontend/src/utils/featureFlags.js", "pattern": "/^export function getFeatureFlagString(flagName, defaultValue = \"\") {$/", "language": "JavaScript", "kind": "function", "signature": "(flagName, defaultValue = \"\")"}, {"_type": "tag", "name": "getFeatureFlagValue", "path": "/home/kavia/workspace/code-generation/wifi-network-management-system-229868-229877/wifi_management_frontend/src/utils/featureFlags.js", "pattern": "/^export function getFeatureFlagValue(flagName, defaultValue = undefined) {$/", "language": "JavaScript", "kind": "function", "signature": "(flagName, defaultValue = undefined)"}, {"_type": "tag", "name": "getFeatureFlags", "path": "/home/kavia/workspace/code-generation/wifi-network-management-system-229868-229877/wifi_management_frontend/src/utils/featureFlags.js", "pattern": "/^export function getFeatureFlags() {$/", "language": "JavaScript", "kind": "function", "signature": "()"}, {"_type": "tag", "name": "isFeatureEnabled", "path": "/home/kavia/workspace/code-generation/wifi-network-management-system-229868-229877/wifi_management_frontend/src/utils/featureFlags.js", "pattern": "/^export function isFeatureEnabled(flagName, defaultValue = false) {$/", "language": "JavaScript", "kind": "function", "signature": "(flagName, defaultValue = false)"}, {"_type": "tag", "name": "parseJsonStyle", "path": "/home/kavia/workspace/code-generation/wifi-network-management-system-229868-229877/wifi_management_frontend/src/utils/featureFlags.js", "pattern": "/^function parseJsonStyle(payload) {$/", "language": "JavaScript", "kind": "function", "signature": "(payload)"}, {"_type": "tag", "name": "parseListStyle", "path": "/home/kavia/workspace/code-generation/wifi-network-management-system-229868-229877/wifi_management_frontend/src/utils/featureFlags.js", "pattern": "/^function parseListStyle(payload) {$/", "language": "JavaScript", "kind": "function", "signature": "(payload)"}], "hash": "0e9fd0edd17a5c6607d7dd2c55737c85", "format-version": 4, "code-base-name": "wifi_management_frontend", "filename": "wifi_management_frontend/src/utils/featureFlags.js", "revision_history": [{"98": "977f6e594962f9479aa74597ad278d2e885db161"}]}