{"is_source_file": true, "format": "JavaScript (React component)", "description": "This file defines a React functional component called SettingsPage, which renders a settings page showing application configuration information such as environment variables for API base URL, WebSocket URL, and feature flags.", "external_files": ["react"], "external_methods": [], "published": ["SettingsPage"], "classes": [], "methods": [{"name": "SettingsPage()", "description": "React functional component that displays runtime configuration environment variables.", "scope": "", "scopeKind": ""}], "calls": ["React", "process.env.REACT_APP_API_BASE", "process.env.REACT_APP_WS_URL", "process.env.REACT_APP_FEATURE_FLAGS"], "search-terms": ["SettingsPage", "React component", "configuration", "environment variables", "frontend", "React environment variables", "Settings page"], "state": 2, "file_id": 21, "knowledge_revision": 49, "git_revision": "458cbef614d06b0778e7dc5714257f3d0fcc8ff4", "ctags": [{"_type": "tag", "name": "SettingsPage", "path": "/home/kavia/workspace/code-generation/wifi-network-management-system-229868-229877/wifi_management_frontend/src/pages/SettingsPage.js", "pattern": "/^function SettingsPage() {$/", "language": "JavaScript", "kind": "function", "signature": "()"}], "hash": "f47835e7532decc59dd404e2629fc194", "format-version": 4, "code-base-name": "wifi_management_frontend", "filename": "wifi_management_frontend/src/pages/SettingsPage.js", "revision_history": [{"49": "458cbef614d06b0778e7dc5714257f3d0fcc8ff4"}]}