{"is_source_file": false, "format": "", "description": "", "external_files": [], "external_methods": [], "published": [], "classes": [], "methods": [], "calls": [], "search-terms": [], "state": 2, "file_id": 3, "knowledge_revision": 55, "git_revision": "e4ead43398e91af5092326ed1e72b216e06178eb", "hash": "7d05e4f28a1a39a00642ae9353ff9c88", "format-version": 4, "code-base-name": "wifi_management_frontend", "filename": "wifi_management_frontend/src/App.css", "revision_history": [{"55": "e4ead43398e91af5092326ed1e72b216e06178eb"}]}