{"is_source_file": true, "format": "JavaScript", "description": "This file defines a mocked Clients service API for a Wi-Fi network management frontend, providing in-memory implementations of list, get, create, update, and remove functions for client data.", "external_files": ["./mockUtils"], "external_methods": ["createMockApiError", "mockData", "withMockLatency"], "published": ["clientsService"], "classes": [], "methods": [{"name": "findClient(id)", "description": "Finds and returns a client object by its ID from the mock data", "scope": "", "scopeKind": ""}, {"name": "normalizeCreatePayload(payload)", "description": "Normalizes and generates a payload for creating a new client, assigning default values where necessary", "scope": "", "scopeKind": ""}, {"name": "list()", "scope": "clientsService", "scopeKind": "class", "description": "unavailable"}], "calls": ["createMockApiError", "mockData.clients.find", "mockData.clients.push", "mockData.clients.findIndex", "withMockLatency"], "search-terms": ["clientsService", "mockData.clients", "findClient", "normalizeCreatePayload", "clients-api", "mockUtils"], "state": 2, "file_id": 41, "knowledge_revision": 106, "git_revision": "977f6e594962f9479aa74597ad278d2e885db161", "ctags": [{"_type": "tag", "name": "c", "path": "/home/kavia/workspace/code-generation/wifi-network-management-system-229868-229877/wifi_management_frontend/src/api/mocks/clients.js", "pattern": "/^    const c = findClient(clientId);$/", "language": "JavaScript", "kind": "constant", "scope": "clientsService", "scopeKind": "class"}, {"_type": "tag", "name": "clientId", "path": "/home/kavia/workspace/code-generation/wifi-network-management-system-229868-229877/wifi_management_frontend/src/api/mocks/clients.js", "pattern": "/^    const clientId = String(id || \"\");$/", "language": "JavaScript", "kind": "constant", "scope": "clientsService", "scopeKind": "class"}, {"_type": "tag", "name": "clientsService", "path": "/home/kavia/workspace/code-generation/wifi-network-management-system-229868-229877/wifi_management_frontend/src/api/mocks/clients.js", "pattern": "/^export const clientsService = {$/", "language": "JavaScript", "kind": "class"}, {"_type": "tag", "name": "created", "path": "/home/kavia/workspace/code-generation/wifi-network-management-system-229868-229877/wifi_management_frontend/src/api/mocks/clients.js", "pattern": "/^    const created = normalizeCreatePayload(payload);$/", "language": "JavaScript", "kind": "constant", "scope": "clientsService", "scopeKind": "class"}, {"_type": "tag", "name": "findClient", "path": "/home/kavia/workspace/code-generation/wifi-network-management-system-229868-229877/wifi_management_frontend/src/api/mocks/clients.js", "pattern": "/^function findClient(id) {$/", "language": "JavaScript", "kind": "function", "signature": "(id)"}, {"_type": "tag", "name": "idx", "path": "/home/kavia/workspace/code-generation/wifi-network-management-system-229868-229877/wifi_management_frontend/src/api/mocks/clients.js", "pattern": "/^    const idx = mockData.clients.findIndex((c) => c.id === clientId);$/", "language": "JavaScript", "kind": "constant", "scope": "clientsService", "scopeKind": "class"}, {"_type": "tag", "name": "list", "path": "/home/kavia/workspace/code-generation/wifi-network-management-system-229868-229877/wifi_management_frontend/src/api/mocks/clients.js", "pattern": "/^  async list() {$/", "language": "JavaScript", "kind": "method", "signature": "()", "scope": "clientsService", "scopeKind": "class"}, {"_type": "tag", "name": "normalizeCreatePayload", "path": "/home/kavia/workspace/code-generation/wifi-network-management-system-229868-229877/wifi_management_frontend/src/api/mocks/clients.js", "pattern": "/^function normalizeCreatePayload(payload) {$/", "language": "JavaScript", "kind": "function", "signature": "(payload)"}, {"_type": "tag", "name": "p", "path": "/home/kavia/workspace/code-generation/wifi-network-management-system-229868-229877/wifi_management_frontend/src/api/mocks/clients.js", "pattern": "/^    const p = payload && typeof payload === \"object\" ? payload : {};$/", "language": "JavaScript", "kind": "constant", "scope": "clientsService", "scopeKind": "class"}, {"_type": "tag", "name": "updated", "path": "/home/kavia/workspace/code-generation/wifi-network-management-system-229868-229877/wifi_management_frontend/src/api/mocks/clients.js", "pattern": "/^    const updated = {$/", "language": "JavaScript", "kind": "constant", "scope": "clientsService", "scopeKind": "class"}], "hash": "9e083509db811ef05497e92994eadef4", "format-version": 4, "code-base-name": "wifi_management_frontend", "filename": "wifi_management_frontend/src/api/mocks/clients.js", "revision_history": [{"106": "977f6e594962f9479aa74597ad278d2e885db161"}]}