{"is_source_file": true, "format": "JavaScript (React)", "description": "This file defines a React functional component 'HeaderStatus' that displays a network/system status indicator. It includes a stubbed method 'getStubbedStatus' for retrieving system status, which is used within the component using React hooks to manage state and memoization for styling.", "external_files": ["react"], "external_methods": ["useMemo", "useState"], "published": ["HeaderStatus"], "classes": [], "methods": [{"name": "getStubbedStatus()", "description": "Returns a stubbed system/network status based on current hour for demo purposes.", "scope": "", "scopeKind": ""}, {"name": "HeaderStatus()", "scope": "", "scopeKind": "", "description": "unavailable"}], "calls": ["getStubbedStatus", "React.useMemo", "React.useState"], "search-terms": ["HeaderStatus", "React component", "status indicator", "stubbed status", "network system"], "state": 2, "file_id": 15, "knowledge_revision": 43, "git_revision": "", "ctags": [{"_type": "tag", "name": "HeaderStatus", "path": "/home/kavia/workspace/code-generation/wifi-network-management-system-229868-229877/wifi_management_frontend/src/components/layout/HeaderStatus.js", "pattern": "/^function HeaderStatus() {$/", "language": "JavaScript", "kind": "function", "signature": "()"}, {"_type": "tag", "name": "getStubbedStatus", "path": "/home/kavia/workspace/code-generation/wifi-network-management-system-229868-229877/wifi_management_frontend/src/components/layout/HeaderStatus.js", "pattern": "/^function getStubbedStatus() {$/", "language": "JavaScript", "kind": "function", "signature": "()"}], "hash": "3c5e0827b1b25500138186ef6a0aa002", "format-version": 4, "code-base-name": "wifi_management_frontend", "filename": "wifi_management_frontend/src/components/layout/HeaderStatus.js", "revision_history": [{"43": ""}]}