{"is_source_file": true, "format": "JavaScript (React)", "description": "This file defines a React component named ConfirmDialog, which provides a minimal modal confirmation dialog with overlay, focus management, and keyboard (Esc) close functionality.", "external_files": ["./Button"], "external_methods": [], "published": ["ConfirmDialog"], "classes": [], "methods": [{"name": "ConfirmDialog({ open, title = \"Confirm\", description, confirmLabel = \"Confirm\", cancelLabel = \"Cancel\", tone = \"danger\",  onConfirm, onCancel, })", "description": "React component for rendering a modal confirmation dialog with customizable title, description, labels, tone, and callback handlers for confirm and cancel actions.", "scope": "", "scopeKind": ""}], "calls": ["React.useRef", "React.useMemo", "React.useEffect", "window.setTimeout", "window.clearTimeout", "window.addEventListener", "window.removeEventListener", "confirmRef.current.focus", "onCancel()", "onConfirm()", "e.stopPropagation()"], "search-terms": ["ConfirmDialog", "React modal", "confirmation dialog", "useRef", "useEffect", "useMemo", "focus management", "Esc key close"], "state": 2, "file_id": 30, "knowledge_revision": 81, "git_revision": "b760309fd8ec24d9309d09c4e74a8fc0c6dc6431", "ctags": [{"_type": "tag", "name": "ConfirmDialog", "path": "/home/kavia/workspace/code-generation/wifi-network-management-system-229868-229877/wifi_management_frontend/src/components/ui/ConfirmDialog.js", "pattern": "/^function ConfirmDialog({$/", "language": "JavaScript", "kind": "function", "signature": "({ open, title = \"Confirm\", description, confirmLabel = \"Confirm\", cancelLabel = \"Cancel\", tone = \"danger\",  onConfirm, onCancel, })"}, {"_type": "tag", "name": "title", "path": "/home/kavia/workspace/code-generation/wifi-network-management-system-229868-229877/wifi_management_frontend/src/components/ui/ConfirmDialog.js", "pattern": "/^        aria-label={title}$/", "language": "JavaScript", "kind": "field", "scope": "ConfirmDialog.aria", "scopeKind": "class"}], "hash": "fa74bd03c902eb6ea623c5610aaa9afe", "format-version": 4, "code-base-name": "wifi_management_frontend", "filename": "wifi_management_frontend/src/components/ui/ConfirmDialog.js", "fields": [{"name": "aria-label={title}", "scope": "ConfirmDialog.aria", "scopeKind": "class", "description": "unavailable"}], "revision_history": [{"81": "b760309fd8ec24d9309d09c4e74a8fc0c6dc6431"}]}