{"is_source_file": true, "format": "JavaScript (React JSX)", "description": "This file defines the AppShell React component, which provides the main layout structure for the WiFi network management frontend, including header, sidebar, and routing content.", "external_files": ["../components/NavigationSidebar", "../components/TopHeader", "../services"], "external_methods": ["alertService.list"], "published": ["AppShell"], "classes": [], "methods": [{"name": "pageTitleFromPath(pathname)", "description": "Determines the page title based on the current URL path.", "scope": "", "scopeKind": ""}, {"name": "statusFromPath(pathname)", "description": "Determines the status label and variant based on the current URL path.", "scope": "", "scopeKind": ""}, {"name": "AppShell()", "scope": "", "scopeKind": "", "description": "unavailable"}], "calls": ["useLocation", "useMemo", "useState", "useEffect", "alertService.list", "setAlertCount", "setSidebarOpen"], "search-terms": ["React", "AppShell", "NavigationSidebar", "TopHeader", "alertService", "layout", "routing", "sidebar", "header"], "state": 2, "file_id": 30, "knowledge_revision": 78, "git_revision": "a14d0d230fcbd8a01492c98ca50c827b5509367c", "ctags": [{"_type": "tag", "name": "AppShell", "path": "/home/kavia/workspace/code-generation/wifi-network-management-system-229868-229877/wifi_management_frontend/src/layout/AppShell.js", "pattern": "/^export function AppShell() {$/", "language": "JavaScript", "kind": "function", "signature": "()"}, {"_type": "tag", "name": "globalSearch", "path": "/home/kavia/workspace/code-generation/wifi-network-management-system-229868-229877/wifi_management_frontend/src/layout/AppShell.js", "pattern": "/^            searchValue={globalSearch}$/", "language": "JavaScript", "kind": "field", "scope": "AppShell.searchValue", "scopeKind": "class"}, {"_type": "tag", "name": "pageTitleFromPath", "path": "/home/kavia/workspace/code-generation/wifi-network-management-system-229868-229877/wifi_management_frontend/src/layout/AppShell.js", "pattern": "/^function pageTitleFromPath(pathname) {$/", "language": "JavaScript", "kind": "function", "signature": "(pathname)"}, {"_type": "tag", "name": "setGlobalSearch", "path": "/home/kavia/workspace/code-generation/wifi-network-management-system-229868-229877/wifi_management_frontend/src/layout/AppShell.js", "pattern": "/^            onSearchChange={setGlobalSearch}$/", "language": "JavaScript", "kind": "field", "scope": "AppShell.onSearchChange", "scopeKind": "class"}, {"_type": "tag", "name": "status", "path": "/home/kavia/workspace/code-generation/wifi-network-management-system-229868-229877/wifi_management_frontend/src/layout/AppShell.js", "pattern": "/^            status={status}$/", "language": "JavaScript", "kind": "field", "scope": "AppShell.status", "scopeKind": "class"}, {"_type": "tag", "name": "statusFromPath", "path": "/home/kavia/workspace/code-generation/wifi-network-management-system-229868-229877/wifi_management_frontend/src/layout/AppShell.js", "pattern": "/^function statusFromPath(pathname) {$/", "language": "JavaScript", "kind": "function", "signature": "(pathname)"}, {"_type": "tag", "name": "title", "path": "/home/kavia/workspace/code-generation/wifi-network-management-system-229868-229877/wifi_management_frontend/src/layout/AppShell.js", "pattern": "/^            title={title}$/", "language": "JavaScript", "kind": "field", "scope": "AppShell.title", "scopeKind": "class"}], "hash": "f6860d5dd37049d93e14f84fa3e48a43", "format-version": 4, "code-base-name": "wifi_management_frontend", "filename": "wifi_management_frontend/src/layout/AppShell.js", "fields": [{"name": "searchValue={globalSearch}", "scope": "AppShell.searchValue", "scopeKind": "class", "description": "unavailable"}, {"name": "onSearchChange={setGlobalSearch}", "scope": "AppShell.onSearchChange", "scopeKind": "class", "description": "unavailable"}, {"name": "status={status}", "scope": "AppShell.status", "scopeKind": "class", "description": "unavailable"}, {"name": "title={title}", "scope": "AppShell.title", "scopeKind": "class", "description": "unavailable"}], "revision_history": [{"78": "a14d0d230fcbd8a01492c98ca50c827b5509367c"}]}