{"is_source_file": true, "format": "JavaScript", "description": "This file provides React components and hooks for managing toast notifications in a web application. It includes context creation, toast API implementation, and a UI region for displaying toasts.", "external_files": [], "external_methods": ["React.createContext", "React.useContext", "React.useMemo", "React.useState"], "published": ["ToastProvider", "useToasts", "ToastRegion"], "classes": [], "methods": [{"name": "iconFor(type)", "description": "Returns an icon object based on the toast type ('error', 'warning', or default success).", "scope": "", "scopeKind": ""}, {"name": "ToastProvider({ children })", "description": "A React component providing toast notification context and API to child components.", "scope": "", "scopeKind": ""}, {"name": "useToasts()", "description": "A React hook to access the toast API within components.", "scope": "", "scopeKind": ""}, {"name": "ToastRegion()", "description": "A React component that renders the list of active toasts and allows dismissing them.", "scope": "", "scopeKind": ""}], "calls": ["React.createContext", "React.useContext", "React.useMemo", "React.useState", "setToasts", "window.setTimeout", "filter", "map", "slice", "filter", "React.createElement"], "search-terms": ["ToastProvider", "toast notifications", "React context", "ToastRegion", "toasts array"], "state": 2, "file_id": 18, "knowledge_revision": 66, "git_revision": "a14d0d230fcbd8a01492c98ca50c827b5509367c", "ctags": [{"_type": "tag", "name": "ToastContext", "path": "/home/kavia/workspace/code-generation/wifi-network-management-system-229868-229877/wifi_management_frontend/src/state/ToastContext.js", "pattern": "/^const ToastContext = createContext(null);$/", "language": "JavaScript", "kind": "constant"}, {"_type": "tag", "name": "ToastProvider", "path": "/home/kavia/workspace/code-generation/wifi-network-management-system-229868-229877/wifi_management_frontend/src/state/ToastContext.js", "pattern": "/^export function ToastProvider({ children }) {$/", "language": "JavaScript", "kind": "function", "signature": "({ children })"}, {"_type": "tag", "name": "ToastRegion", "path": "/home/kavia/workspace/code-generation/wifi-network-management-system-229868-229877/wifi_management_frontend/src/state/ToastContext.js", "pattern": "/^export function ToastRegion() {$/", "language": "JavaScript", "kind": "function", "signature": "()"}, {"_type": "tag", "name": "api", "path": "/home/kavia/workspace/code-generation/wifi-network-management-system-229868-229877/wifi_management_frontend/src/state/ToastContext.js", "pattern": "/^  return <ToastContext.Provider value={api}>{children}<\\/ToastContext.Provider>;$/", "language": "JavaScript", "kind": "field", "scope": "Provider", "scopeKind": "class"}, {"_type": "tag", "name": "iconFor", "path": "/home/kavia/workspace/code-generation/wifi-network-management-system-229868-229877/wifi_management_frontend/src/state/ToastContext.js", "pattern": "/^function iconFor(type) {$/", "language": "JavaScript", "kind": "function", "signature": "(type)"}, {"_type": "tag", "name": "useToasts", "path": "/home/kavia/workspace/code-generation/wifi-network-management-system-229868-229877/wifi_management_frontend/src/state/ToastContext.js", "pattern": "/^export function useToasts() {$/", "language": "JavaScript", "kind": "function", "signature": "()"}], "hash": "cb0174e279a453df3b7567912ec5feaf", "format-version": 4, "code-base-name": "wifi_management_frontend", "filename": "wifi_management_frontend/src/state/ToastContext.js", "fields": [{"name": "return <ToastContext.Provider value={api}>{children}<\\/ToastContext.Provider>;", "scope": "Provider", "scopeKind": "class", "description": "unavailable"}], "revision_history": [{"66": "a14d0d230fcbd8a01492c98ca50c827b5509367c"}]}