{"is_source_file": true, "file_id": 27, "git_revision": "", "state": 1, "description": "", "external_files": [], "external_methods": [], "published": [], "classes": [], "methods": [], "calls": [], "search-terms": [], "ctags": [{"_type": "tag", "name": "NavigationSidebar", "path": "/home/kavia/workspace/code-generation/wifi-network-management-system-229868-229877/wifi_management_frontend/src/components/NavigationSidebar.js", "pattern": "/^export function NavigationSidebar({ open, onClose, alertCount = 0 }) {$/", "language": "JavaScript", "kind": "function", "signature": "({ open, onClose, alertCount = 0 })"}, {"_type": "tag", "name": "navItems", "path": "/home/kavia/workspace/code-generation/wifi-network-management-system-229868-229877/wifi_management_frontend/src/components/NavigationSidebar.js", "pattern": "/^function navItems(canAdmin) {$/", "language": "JavaScript", "kind": "function", "signature": "(canAdmin)"}], "format": "JavaScript", "hash": "c3fa39e5e0415bd34d03f0a786a1280c", "format-version": 4, "code-base-name": "wifi_management_frontend", "filename": "wifi_management_frontend/src/components/NavigationSidebar.js", "knowledge_revision": 43}