{"is_source_file": true, "format": "JavaScript (React JSX)", "description": "A React component that serves as a scaffold for the Network Detail Page in a router-based web application, displaying network details based on URL parameters.", "external_files": ["react", "react-router-dom"], "external_methods": ["useParams", "Link"], "published": ["NetworkDetailPage"], "classes": [], "methods": [{"name": "NetworkDetailPage()", "description": "A React functional component serving as a network details page scaffold, retrieving networkId from route parameters and rendering a simple UI.", "scope": "", "scopeKind": ""}], "calls": ["useParams", "Link"], "search-terms": ["NetworkDetailPage", "useParams", "react-router-dom", "React component", "network details page", "scaffold"], "state": 2, "file_id": 18, "knowledge_revision": 46, "git_revision": "458cbef614d06b0778e7dc5714257f3d0fcc8ff4", "ctags": [{"_type": "tag", "name": "NetworkDetailPage", "path": "/home/kavia/workspace/code-generation/wifi-network-management-system-229868-229877/wifi_management_frontend/src/pages/networks/NetworkDetailPage.js", "pattern": "/^function NetworkDetailPage() {$/", "language": "JavaScript", "kind": "function", "signature": "()"}], "hash": "7ef19879bbd784c5259da89df622139f", "format-version": 4, "code-base-name": "wifi_management_frontend", "filename": "wifi_management_frontend/src/pages/networks/NetworkDetailPage.js", "revision_history": [{"46": "458cbef614d06b0778e7dc5714257f3d0fcc8ff4"}]}