{"is_source_file": true, "file_id": 23, "git_revision": "", "state": 1, "description": "", "external_files": [], "external_methods": [], "published": [], "classes": [], "methods": [], "calls": [], "search-terms": [], "ctags": [{"_type": "tag", "name": "EmptyState", "path": "/home/kavia/workspace/code-generation/wifi-network-management-system-229868-229877/wifi_management_frontend/src/components/States.js", "pattern": "/^export function EmptyState({ title = \"Nothing here\", description = \"Try adjusting filters or add/", "language": "JavaScript", "kind": "function", "signature": "({ title = \"Nothing here\", description = \"Try adjusting filters or adding a new item.\" })"}, {"_type": "tag", "name": "ErrorState", "path": "/home/kavia/workspace/code-generation/wifi-network-management-system-229868-229877/wifi_management_frontend/src/components/States.js", "pattern": "/^export function ErrorState({ title = \"Something went wrong\", error, onRetry }) {$/", "language": "JavaScript", "kind": "function", "signature": "({ title = \"Something went wrong\", error, onRetry })"}, {"_type": "tag", "name": "LoadingState", "path": "/home/kavia/workspace/code-generation/wifi-network-management-system-229868-229877/wifi_management_frontend/src/components/States.js", "pattern": "/^export function LoadingState({ title = \"Loading\u2026\" }) {$/", "language": "JavaScript", "kind": "function", "signature": "({ title = \"Loading\u2026\" })"}], "format": "JavaScript", "hash": "504718bab239991840126270c9e6e81d", "format-version": 4, "code-base-name": "wifi_management_frontend", "filename": "wifi_management_frontend/src/components/States.js", "knowledge_revision": 39}