{"is_source_file": true, "file_id": 31, "git_revision": "", "state": 1, "description": "", "external_files": [], "external_methods": [], "published": [], "classes": [], "methods": [], "calls": [], "search-terms": [], "ctags": [{"_type": "tag", "name": "DashboardPage", "path": "/home/kavia/workspace/code-generation/wifi-network-management-system-229868-229877/wifi_management_frontend/src/pages/DashboardPage.js", "pattern": "/^export function DashboardPage() {$/", "language": "JavaScript", "kind": "function", "signature": "()"}, {"_type": "tag", "name": "severityBadge", "path": "/home/kavia/workspace/code-generation/wifi-network-management-system-229868-229877/wifi_management_frontend/src/pages/DashboardPage.js", "pattern": "/^function severityBadge(sev) {$/", "language": "JavaScript", "kind": "function", "signature": "(sev)"}], "format": "JavaScript", "hash": "e2a8a5b644bce14d332faa17b9dabb60", "format-version": 4, "code-base-name": "wifi_management_frontend", "filename": "wifi_management_frontend/src/pages/DashboardPage.js", "knowledge_revision": 47}