{"is_source_file": true, "format": "JavaScript (React JSX)", "description": "This file defines a React component 'ClientsListPage' that renders a page listing connected network clients, including their names, MAC addresses, IPs, statuses, and links to detailed views.", "external_files": ["../../components/ui"], "external_methods": ["React", "Link from react-router-dom", "Badge", "Card", "EmptyState", "Table", "TableWrap"], "published": ["ClientsListPage"], "classes": [], "methods": [{"name": "ClientsListPage()", "description": "React functional component that renders the clients list page with stub data.", "scope": "", "scopeKind": ""}], "calls": ["React", "Link", "Badge", "Card", "EmptyState", "TableWrap", "Table", "encodeURIComponent"], "search-terms": ["ClientsListPage", "react-router-dom", "ui components", "clients listing", "network devices"], "state": 2, "file_id": 19, "knowledge_revision": 71, "git_revision": "b760309fd8ec24d9309d09c4e74a8fc0c6dc6431", "revision_history": [{"47": "458cbef614d06b0778e7dc5714257f3d0fcc8ff4"}, {"53": "458cbef614d06b0778e7dc5714257f3d0fcc8ff4"}, {"71": "b760309fd8ec24d9309d09c4e74a8fc0c6dc6431"}], "ctags": [{"_type": "tag", "name": "ClientsListPage", "path": "/home/kavia/workspace/code-generation/wifi-network-management-system-229868-229877/wifi_management_frontend/src/pages/clients/ClientsListPage.js", "pattern": "/^function ClientsListPage() {$/", "language": "JavaScript", "kind": "function", "signature": "()"}, {"_type": "tag", "name": "stubClients", "path": "/home/kavia/workspace/code-generation/wifi-network-management-system-229868-229877/wifi_management_frontend/src/pages/clients/ClientsListPage.js", "pattern": "/^const stubClients = [$/", "language": "JavaScript", "kind": "constant"}], "hash": "e8cb76248758e3b9f99ffa25216d043a", "format-version": 4, "code-base-name": "wifi_management_frontend", "filename": "wifi_management_frontend/src/pages/clients/ClientsListPage.js"}