{"is_source_file": false, "format": "", "description": "", "external_files": [], "external_methods": [], "published": [], "classes": [], "methods": [], "calls": [], "search-terms": [], "state": 2, "file_id": 4, "knowledge_revision": 60, "git_revision": "a14d0d230fcbd8a01492c98ca50c827b5509367c", "hash": "b3c98ce99f8e3a6542ecbf2a7ea79b01", "format-version": 4, "code-base-name": "wifi_management_frontend", "filename": "wifi_management_frontend/public/index.html", "revision_history": [{"60": "a14d0d230fcbd8a01492c98ca50c827b5509367c"}]}