{"is_source_file": true, "format": "JavaScript", "description": "This file defines the DashboardPage React component for a WiFi network management system frontend. It handles fetching system health, networks, and clients data via imported services, displays system status, metrics, and provides user actions like adding networks, rescanning, and restarting the access point. It also manages internal state, loading/error handling, and UI rendering.", "external_files": ["../api", "../components/ui"], "external_methods": ["healthService.getHealth", "networksService.list", "networksService.create", "clientsService.list", "useNavigate"], "published": ["DashboardPage"], "classes": [], "methods": [{"name": "normalizeApiErrorMessage(err)", "description": "Extracts a user-friendly error message from API error objects.", "scope": "", "scopeKind": ""}, {"name": "coerceStatusLabel(status)", "description": "Converts various status inputs into standardized labels like 'Healthy', 'Degraded', or 'Offline'.", "scope": "", "scopeKind": ""}, {"name": "statusToBadgeVariant(status)", "description": "Maps status strings to badge variants ('success', 'warn', 'error', 'info').", "scope": "", "scopeKind": ""}, {"name": "countActiveNetworks(networks)", "description": "Counts networks with statuses indicating they are active/non-inactive.", "scope": "", "scopeKind": ""}, {"name": "countConnectedClients(clients)", "description": "Counts clients with 'online' status.", "scope": "", "scopeKind": ""}, {"name": "deriveAlertsCount({ health, networks, clients })", "description": "Determines the number of alerts by evaluating health, network, and client statuses.", "scope": "", "scopeKind": ""}, {"name": "DashboardPage()", "scope": "", "scopeKind": "", "description": "unavailable"}], "calls": ["healthService.getHealth", "networksService.list", "networksService.create", "clientsService.list", "useNavigate", "setHealth", "setNetworks", "setClients", "fetchAll", "normalizeApiErrorMessage", "coerceStatusLabel", "statusToBadgeVariant", "countActiveNetworks", "countConnectedClients", "deriveAlertsCount"], "search-terms": ["DashboardPage", "WiFi health overview", "add network", "rescan data", "restart access point", "system health badge", "network metrics", "client metrics"], "state": 2, "file_id": 16, "knowledge_revision": 109, "git_revision": "b760309fd8ec24d9309d09c4e74a8fc0c6dc6431", "revision_history": [{"44": ""}, {"68": "b760309fd8ec24d9309d09c4e74a8fc0c6dc6431"}, {"109": "b760309fd8ec24d9309d09c4e74a8fc0c6dc6431"}], "ctags": [{"_type": "tag", "name": "DashboardPage", "path": "/home/kavia/workspace/code-generation/wifi-network-management-system-229868-229877/wifi_management_frontend/src/pages/DashboardPage.js", "pattern": "/^function DashboardPage() {$/", "language": "JavaScript", "kind": "function", "signature": "()"}, {"_type": "tag", "name": "coerceStatusLabel", "path": "/home/kavia/workspace/code-generation/wifi-network-management-system-229868-229877/wifi_management_frontend/src/pages/DashboardPage.js", "pattern": "/^function coerceStatusLabel(status) {$/", "language": "JavaScript", "kind": "function", "signature": "(status)"}, {"_type": "tag", "name": "countActiveNetworks", "path": "/home/kavia/workspace/code-generation/wifi-network-management-system-229868-229877/wifi_management_frontend/src/pages/DashboardPage.js", "pattern": "/^function countActiveNetworks(networks) {$/", "language": "JavaScript", "kind": "function", "signature": "(networks)"}, {"_type": "tag", "name": "countConnectedClients", "path": "/home/kavia/workspace/code-generation/wifi-network-management-system-229868-229877/wifi_management_frontend/src/pages/DashboardPage.js", "pattern": "/^function countConnectedClients(clients) {$/", "language": "JavaScript", "kind": "function", "signature": "(clients)"}, {"_type": "tag", "name": "deriveAlertsCount", "path": "/home/kavia/workspace/code-generation/wifi-network-management-system-229868-229877/wifi_management_frontend/src/pages/DashboardPage.js", "pattern": "/^function deriveAlertsCount({ health, networks, clients }) {$/", "language": "JavaScript", "kind": "function", "signature": "({ health, networks, clients })"}, {"_type": "tag", "name": "normalizeApiErrorMessage", "path": "/home/kavia/workspace/code-generation/wifi-network-management-system-229868-229877/wifi_management_frontend/src/pages/DashboardPage.js", "pattern": "/^function normalizeApiErrorMessage(err) {$/", "language": "JavaScript", "kind": "function", "signature": "(err)"}, {"_type": "tag", "name": "statusSummary", "path": "/home/kavia/workspace/code-generation/wifi-network-management-system-229868-229877/wifi_management_frontend/src/pages/DashboardPage.js", "pattern": "/^            <Badge variant={statusSummary.variant}>$/", "language": "JavaScript", "kind": "field", "scope": "AnonymousClasse63ec5180201", "scopeKind": "class"}, {"_type": "tag", "name": "statusToBadgeVariant", "path": "/home/kavia/workspace/code-generation/wifi-network-management-system-229868-229877/wifi_management_frontend/src/pages/DashboardPage.js", "pattern": "/^function statusToBadgeVariant(status) {$/", "language": "JavaScript", "kind": "function", "signature": "(status)"}], "hash": "9e4662376e4ab7a451ddbb15a93e2ab8", "format-version": 4, "code-base-name": "wifi_management_frontend", "filename": "wifi_management_frontend/src/pages/DashboardPage.js", "fields": [{"name": "<Badge variant={statusSummary.variant}>", "scope": "AnonymousClasse63ec5180201", "scopeKind": "class", "description": "unavailable"}]}