{"is_source_file": true, "format": "JavaScript", "description": "This file provides environment helper functions for the frontend, specifically dealing with configuration variables such as API URLs, WebSocket URLs, environment modes, and feature flags. It reads environment variables tailored for a React application (CRA) and provides utility functions to access these configurations safely.", "external_files": [], "external_methods": ["process.env"], "published": ["getApiBaseUrl", "getWsUrl", "getNodeEnv", "parseFeatureFlags"], "classes": [], "methods": [{"name": "getApiBaseUrl()", "description": "Returns the configured API base URL, prioritizing REACT_APP_API_BASE and falling back to REACT_APP_BACKEND_URL, with whitespace trimmed and trailing slashes removed.", "scope": "", "scopeKind": ""}, {"name": "getWsUrl()", "description": "Returns the WebSocket URL if set in environment variables, with whitespace trimmed.", "scope": "", "scopeKind": ""}, {"name": "getNodeEnv()", "description": "Returns the React app environment or falls back to the Node environment, defaulting to 'development'.", "scope": "", "scopeKind": ""}, {"name": "parseFeatureFlags()", "description": "Parses feature flags from the environment variable REACT_APP_FEATURE_FLAGS, supporting JSON and CSV formats, and returns an object with feature flag names as keys and true as value.", "scope": "", "scopeKind": ""}], "calls": ["process.env.REACT_APP_API_BASE", "process.env.REACT_APP_BACKEND_URL", "process.env.REACT_APP_WS_URL", "process.env.REACT_APP_NODE_ENV", "process.env.NODE_ENV", "process.env.REACT_APP_FEATURE_FLAGS"], "search-terms": ["env", "configuration", "React environment variables", "feature flags", "API URL", "WebSocket URL"], "state": 2, "file_id": 13, "knowledge_revision": 61, "git_revision": "a14d0d230fcbd8a01492c98ca50c827b5509367c", "ctags": [{"_type": "tag", "name": "getApiBaseUrl", "path": "/home/kavia/workspace/code-generation/wifi-network-management-system-229868-229877/wifi_management_frontend/src/config/env.js", "pattern": "/^export function getApiBaseUrl() {$/", "language": "JavaScript", "kind": "function", "signature": "()"}, {"_type": "tag", "name": "getNodeEnv", "path": "/home/kavia/workspace/code-generation/wifi-network-management-system-229868-229877/wifi_management_frontend/src/config/env.js", "pattern": "/^export function getNodeEnv() {$/", "language": "JavaScript", "kind": "function", "signature": "()"}, {"_type": "tag", "name": "getWsUrl", "path": "/home/kavia/workspace/code-generation/wifi-network-management-system-229868-229877/wifi_management_frontend/src/config/env.js", "pattern": "/^export function getWsUrl() {$/", "language": "JavaScript", "kind": "function", "signature": "()"}, {"_type": "tag", "name": "parseFeatureFlags", "path": "/home/kavia/workspace/code-generation/wifi-network-management-system-229868-229877/wifi_management_frontend/src/config/env.js", "pattern": "/^export function parseFeatureFlags() {$/", "language": "JavaScript", "kind": "function", "signature": "()"}], "hash": "44135dad5467e18a4149a51a38de1d50", "format-version": 4, "code-base-name": "wifi_management_frontend", "filename": "wifi_management_frontend/src/config/env.js", "revision_history": [{"61": "a14d0d230fcbd8a01492c98ca50c827b5509367c"}]}