{"is_source_file": true, "format": "JavaScript (React JSX)", "description": "This file defines a React functional component named 'App' which manages a theme (light/dark) state and provides a UI button to toggle between themes. It applies the theme to the document's data attributes and renders some UI elements including a logo, instructional text, and a link to React documentation.", "external_files": ["./logo.svg", "./App.css"], "external_methods": [], "published": ["App"], "classes": [], "methods": [{"name": "toggleTheme", "description": "Function to toggle the theme between 'light' and 'dark', updating the component state."}, {"name": "App()", "scope": "", "scopeKind": "", "description": "unavailable"}], "calls": ["useState", "useEffect", "setTheme", "document.documentElement.setAttribute"], "search-terms": ["React functional component", "theme toggle", "useState", "useEffect", "App.js"], "state": 2, "file_id": 2, "knowledge_revision": 24, "git_revision": "bdf12f946172ddffb969259bdd0bab59e95fe764", "ctags": [{"_type": "tag", "name": "App", "path": "/home/kavia/workspace/code-generation/wifi-network-management-system-229868-229877/wifi_management_frontend/src/App.js", "pattern": "/^function App() {$/", "language": "JavaScript", "kind": "function", "signature": "()"}, {"_type": "tag", "name": "Switch to ${theme === 'light' ? 'dark' : 'light'} mode", "path": "/home/kavia/workspace/code-generation/wifi-network-management-system-229868-229877/wifi_management_frontend/src/App.js", "pattern": "/^          aria-label={`Switch to ${theme === 'light' ? 'dark' : 'light'} mode`}$/", "language": "JavaScript", "kind": "field", "scope": "App.aria", "scopeKind": "class"}, {"_type": "tag", "name": "toggleTheme", "path": "/home/kavia/workspace/code-generation/wifi-network-management-system-229868-229877/wifi_management_frontend/src/App.js", "pattern": "/^          onClick={toggleTheme}$/", "language": "JavaScript", "kind": "field", "scope": "App.onClick", "scopeKind": "class"}], "hash": "b55dd9e6a018e59207d8e277dffd9e11", "format-version": 4, "code-base-name": "wifi_management_frontend", "filename": "wifi_management_frontend/src/App.js", "fields": [{"name": "aria-label={`Switch to ${theme === 'light' ? 'dark' : 'light'} mode`}", "scope": "App.aria", "scopeKind": "class", "description": "unavailable"}, {"name": "onClick={toggleTheme}", "scope": "App.onClick", "scopeKind": "class", "description": "unavailable"}], "revision_history": [{"24": "bdf12f946172ddffb969259bdd0bab59e95fe764"}]}