{"is_source_file": true, "format": "JavaScript", "description": "This file defines a settings service module for a frontend application, providing functions to get and update system settings via API calls.", "external_files": ["./apiClient"], "external_methods": ["apiGet", "apiPut"], "published": ["settingsService"], "classes": [], "methods": [{"name": "get", "description": "Fetches application/system settings via GET request to '/settings'."}, {"name": "update", "description": "Updates application/settings via PUT request to '/settings' with provided payload."}], "calls": ["apiGet", "apiPut"], "search-terms": ["settingsService", "apiGet", "apiPut", "/settings", "settings"], "state": 2, "file_id": 35, "knowledge_revision": 92, "git_revision": "6146cc888bfb35ba4a69c54d3fa379ee1c71d43c", "ctags": [{"_type": "tag", "name": "settingsService", "path": "/home/kavia/workspace/code-generation/wifi-network-management-system-229868-229877/wifi_management_frontend/src/api/settings.js", "pattern": "/^export const settingsService = {$/", "language": "JavaScript", "kind": "constant"}], "hash": "28733a7f71898442313d605233b884fe", "format-version": 4, "code-base-name": "wifi_management_frontend", "filename": "wifi_management_frontend/src/api/settings.js", "revision_history": [{"92": "6146cc888bfb35ba4a69c54d3fa379ee1c71d43c"}]}