{"is_source_file": true, "format": "JavaScript", "description": "This file provides a minimal fetch-based API client for making HTTP requests to a backend API. It handles URL joining, JSON parsing, error normalization, and timeout management. The module exposes functions for standard HTTP methods (GET, POST, PUT, PATCH, DELETE) and dynamically reads the API base URL from environment variables. It does not contain class definitions or internal state, focusing solely on request logic.", "external_files": ["fetch"], "external_methods": ["fetch"], "published": ["apiGet", "apiPost", "apiPut", "apiPatch", "apiDelete", "getConfiguredApiBase"], "classes": [], "methods": [{"name": "joinUrl(base, path)", "description": "Normalizes and joins the base URL and path into a complete URL, handling missing or extra slashes.", "scope": "", "scopeKind": ""}, {"name": "readResponseBody(response)", "description": "Extracts JSON or text payload from an HTTP response, returns null for empty bodies.", "scope": "", "scopeKind": ""}, {"name": "createApiError({ message, status = null, code = null, details = null, cause })", "description": "Creates a normalized Error object with API error details attached for consistent error handling.", "scope": "", "scopeKind": ""}, {"name": "getApiBase()", "description": "Determines the API base URL from environment variables, trimming trailing slashes.", "scope": "", "scopeKind": ""}, {"name": "request(path, options = {})", "description": "Core function for making HTTP requests, managing headers, body serialization, timeouts, and error normalization.", "scope": "", "scopeKind": ""}, {"name": "apiDelete(path, options = {})", "scope": "", "scopeKind": "", "description": "unavailable"}, {"name": "apiGet(path, options = {})", "scope": "", "scopeKind": "", "description": "unavailable"}, {"name": "apiPatch(path, body, options = {})", "scope": "", "scopeKind": "", "description": "unavailable"}, {"name": "apiPost(path, body, options = {})", "scope": "", "scopeKind": "", "description": "unavailable"}, {"name": "apiPut(path, body, options = {})", "scope": "", "scopeKind": "", "description": "unavailable"}, {"name": "getConfiguredApiBase()", "scope": "", "scopeKind": "", "description": "unavailable"}], "calls": ["fetch", "joinUrl", "readResponseBody", "createApiError"], "search-terms": ["fetch API client", "environment variable API base", "request timeout", "error normalization", "JSON response handling", "HTTP methods utility"], "state": 2, "file_id": 32, "knowledge_revision": 87, "git_revision": "6146cc888bfb35ba4a69c54d3fa379ee1c71d43c", "ctags": [{"_type": "tag", "name": "apiDelete", "path": "/home/kavia/workspace/code-generation/wifi-network-management-system-229868-229877/wifi_management_frontend/src/api/apiClient.js", "pattern": "/^export function apiDelete(path, options = {}) {$/", "language": "JavaScript", "kind": "function", "signature": "(path, options = {})"}, {"_type": "tag", "name": "apiGet", "path": "/home/kavia/workspace/code-generation/wifi-network-management-system-229868-229877/wifi_management_frontend/src/api/apiClient.js", "pattern": "/^export function apiGet(path, options = {}) {$/", "language": "JavaScript", "kind": "function", "signature": "(path, options = {})"}, {"_type": "tag", "name": "apiPatch", "path": "/home/kavia/workspace/code-generation/wifi-network-management-system-229868-229877/wifi_management_frontend/src/api/apiClient.js", "pattern": "/^export function apiPatch(path, body, options = {}) {$/", "language": "JavaScript", "kind": "function", "signature": "(path, body, options = {})"}, {"_type": "tag", "name": "apiPost", "path": "/home/kavia/workspace/code-generation/wifi-network-management-system-229868-229877/wifi_management_frontend/src/api/apiClient.js", "pattern": "/^export function apiPost(path, body, options = {}) {$/", "language": "JavaScript", "kind": "function", "signature": "(path, body, options = {})"}, {"_type": "tag", "name": "apiPut", "path": "/home/kavia/workspace/code-generation/wifi-network-management-system-229868-229877/wifi_management_frontend/src/api/apiClient.js", "pattern": "/^export function apiPut(path, body, options = {}) {$/", "language": "JavaScript", "kind": "function", "signature": "(path, body, options = {})"}, {"_type": "tag", "name": "createApiError", "path": "/home/kavia/workspace/code-generation/wifi-network-management-system-229868-229877/wifi_management_frontend/src/api/apiClient.js", "pattern": "/^function createApiError({ message, status = null, code = null, details = null, cause }) {$/", "language": "JavaScript", "kind": "function", "signature": "({ message, status = null, code = null, details = null, cause })"}, {"_type": "tag", "name": "getApiBase", "path": "/home/kavia/workspace/code-generation/wifi-network-management-system-229868-229877/wifi_management_frontend/src/api/apiClient.js", "pattern": "/^function getApiBase() {$/", "language": "JavaScript", "kind": "function", "signature": "()"}, {"_type": "tag", "name": "getConfiguredApiBase", "path": "/home/kavia/workspace/code-generation/wifi-network-management-system-229868-229877/wifi_management_frontend/src/api/apiClient.js", "pattern": "/^export function getConfiguredApiBase() {$/", "language": "JavaScript", "kind": "function", "signature": "()"}, {"_type": "tag", "name": "joinUrl", "path": "/home/kavia/workspace/code-generation/wifi-network-management-system-229868-229877/wifi_management_frontend/src/api/apiClient.js", "pattern": "/^function joinUrl(base, path) {$/", "language": "JavaScript", "kind": "function", "signature": "(base, path)"}, {"_type": "tag", "name": "message", "path": "/home/kavia/workspace/code-generation/wifi-network-management-system-229868-229877/wifi_management_frontend/src/api/apiClient.js", "pattern": "/^  err.api = { message, status, code, details };$/", "language": "JavaScript", "kind": "field", "scope": "err.api", "scopeKind": "class"}, {"_type": "tag", "name": "readResponseBody", "path": "/home/kavia/workspace/code-generation/wifi-network-management-system-229868-229877/wifi_management_frontend/src/api/apiClient.js", "pattern": "/^async function readResponseBody(response) {$/", "language": "JavaScript", "kind": "function", "signature": "(response)"}, {"_type": "tag", "name": "request", "path": "/home/kavia/workspace/code-generation/wifi-network-management-system-229868-229877/wifi_management_frontend/src/api/apiClient.js", "pattern": "/^async function request(path, options = {}) {$/", "language": "JavaScript", "kind": "function", "signature": "(path, options = {})"}], "hash": "cd6ff01a35f3a631539d80260a2c1064", "format-version": 4, "code-base-name": "wifi_management_frontend", "filename": "wifi_management_frontend/src/api/apiClient.js", "fields": [{"name": "err.api = { message, status, code, details };", "scope": "err.api", "scopeKind": "class", "description": "unavailable"}], "revision_history": [{"87": "6146cc888bfb35ba4a69c54d3fa379ee1c71d43c"}]}