{"is_source_file": true, "file_id": 14, "git_revision": "", "state": 1, "description": "", "external_files": [], "external_methods": [], "published": [], "classes": [], "methods": [], "calls": [], "search-terms": [], "ctags": [{"_type": "tag", "name": "acknowledgeAlert", "path": "/home/kavia/workspace/code-generation/wifi-network-management-system-229868-229877/wifi_management_frontend/src/data/mockDb.js", "pattern": "/^export function acknowledgeAlert(alertId, acknowledged) {$/", "language": "JavaScript", "kind": "function", "signature": "(alertId, acknowledged)"}, {"_type": "tag", "name": "alerts", "path": "/home/kavia/workspace/code-generation/wifi-network-management-system-229868-229877/wifi_management_frontend/src/data/mockDb.js", "pattern": "/^  alerts: seedAlerts(),$/", "language": "JavaScript", "kind": "property", "scope": "mockDb", "scopeKind": "class"}, {"_type": "tag", "name": "aps", "path": "/home/kavia/workspace/code-generation/wifi-network-management-system-229868-229877/wifi_management_frontend/src/data/mockDb.js", "pattern": "/^  aps: seedAps(),$/", "language": "JavaScript", "kind": "property", "scope": "mockDb", "scopeKind": "class"}, {"_type": "tag", "name": "clamp", "path": "/home/kavia/workspace/code-generation/wifi-network-management-system-229868-229877/wifi_management_frontend/src/data/mockDb.js", "pattern": "/^const clamp = (n, a, b) => Math.max(a, Math.min(b, n));$/", "language": "JavaScript", "kind": "constant"}, {"_type": "tag", "name": "clients", "path": "/home/kavia/workspace/code-generation/wifi-network-management-system-229868-229877/wifi_management_frontend/src/data/mockDb.js", "pattern": "/^  clients: seedClients(),$/", "language": "JavaScript", "kind": "property", "scope": "mockDb", "scopeKind": "class"}, {"_type": "tag", "name": "createNetwork", "path": "/home/kavia/workspace/code-generation/wifi-network-management-system-229868-229877/wifi_management_frontend/src/data/mockDb.js", "pattern": "/^export function createNetwork(payload) {$/", "language": "JavaScript", "kind": "function", "signature": "(payload)"}, {"_type": "tag", "name": "createdAt", "path": "/home/kavia/workspace/code-generation/wifi-network-management-system-229868-229877/wifi_management_frontend/src/data/mockDb.js", "pattern": "/^    createdAt: nowIso()$/", "language": "JavaScript", "kind": "property", "scope": "createNetwork.newNet", "scopeKind": "class"}, {"_type": "tag", "name": "currentUserId", "path": "/home/kavia/workspace/code-generation/wifi-network-management-system-229868-229877/wifi_management_frontend/src/data/mockDb.js", "pattern": "/^    currentUserId: \"u-1\"$/", "language": "JavaScript", "kind": "property", "scope": "mockDb.session", "scopeKind": "class"}, {"_type": "tag", "name": "delay", "path": "/home/kavia/workspace/code-generation/wifi-network-management-system-229868-229877/wifi_management_frontend/src/data/mockDb.js", "pattern": "/^export function delay(ms = 450) {$/", "language": "JavaScript", "kind": "function", "signature": "(ms = 450)"}, {"_type": "tag", "name": "enabled", "path": "/home/kavia/workspace/code-generation/wifi-network-management-system-229868-229877/wifi_management_frontend/src/data/mockDb.js", "pattern": "/^    enabled: Boolean(payload.enabled ?? true),$/", "language": "JavaScript", "kind": "property", "scope": "createNetwork.newNet", "scopeKind": "class"}, {"_type": "tag", "name": "getCurrentUser", "path": "/home/kavia/workspace/code-generation/wifi-network-management-system-229868-229877/wifi_management_frontend/src/data/mockDb.js", "pattern": "/^export function getCurrentUser() {$/", "language": "JavaScript", "kind": "function", "signature": "()"}, {"_type": "tag", "name": "id", "path": "/home/kavia/workspace/code-generation/wifi-network-management-system-229868-229877/wifi_management_frontend/src/data/mockDb.js", "pattern": "/^    id: `net-${randomId()}`,$/", "language": "JavaScript", "kind": "property", "scope": "createNetwork.newNet", "scopeKind": "class"}, {"_type": "tag", "name": "mkIp", "path": "/home/kavia/workspace/code-generation/wifi-network-management-system-229868-229877/wifi_management_frontend/src/data/mockDb.js", "pattern": "/^const mkIp = (i) => `192.168.1.${(20 + i) % 250}`;$/", "language": "JavaScript", "kind": "constant"}, {"_type": "tag", "name": "mkMac", "path": "/home/kavia/workspace/code-generation/wifi-network-management-system-229868-229877/wifi_management_frontend/src/data/mockDb.js", "pattern": "/^const mkMac = (i) =>$/", "language": "JavaScript", "kind": "constant"}, {"_type": "tag", "name": "mockDb", "path": "/home/kavia/workspace/code-generation/wifi-network-management-system-229868-229877/wifi_management_frontend/src/data/mockDb.js", "pattern": "/^export const mockDb = {$/", "language": "JavaScript", "kind": "class"}, {"_type": "tag", "name": "name", "path": "/home/kavia/workspace/code-generation/wifi-network-management-system-229868-229877/wifi_management_frontend/src/data/mockDb.js", "pattern": "/^    name: payload.name || payload.ssid,$/", "language": "JavaScript", "kind": "property", "scope": "createNetwork.newNet", "scopeKind": "class"}, {"_type": "tag", "name": "networks", "path": "/home/kavia/workspace/code-generation/wifi-network-management-system-229868-229877/wifi_management_frontend/src/data/mockDb.js", "pattern": "/^  networks: seedNetworks(),$/", "language": "JavaScript", "kind": "property", "scope": "mockDb", "scopeKind": "class"}, {"_type": "tag", "name": "newNet", "path": "/home/kavia/workspace/code-generation/wifi-network-management-system-229868-229877/wifi_management_frontend/src/data/mockDb.js", "pattern": "/^  const newNet = {$/", "language": "JavaScript", "kind": "class", "scope": "createNetwork", "scopeKind": "class"}, {"_type": "tag", "name": "nowIso", "path": "/home/kavia/workspace/code-generation/wifi-network-management-system-229868-229877/wifi_management_frontend/src/data/mockDb.js", "pattern": "/^const nowIso = () => new Date().toISOString();$/", "language": "JavaScript", "kind": "constant"}, {"_type": "tag", "name": "randomId", "path": "/home/kavia/workspace/code-generation/wifi-network-management-system-229868-229877/wifi_management_frontend/src/data/mockDb.js", "pattern": "/^const randomId = () => Math.random().toString(36).slice(2, 10);$/", "language": "JavaScript", "kind": "constant"}, {"_type": "tag", "name": "security", "path": "/home/kavia/workspace/code-generation/wifi-network-management-system-229868-229877/wifi_management_frontend/src/data/mockDb.js", "pattern": "/^    security: payload.security || \"WPA2\",$/", "language": "JavaScript", "kind": "property", "scope": "createNetwork.newNet", "scopeKind": "class"}, {"_type": "tag", "name": "seedAlerts", "path": "/home/kavia/workspace/code-generation/wifi-network-management-system-229868-229877/wifi_management_frontend/src/data/mockDb.js", "pattern": "/^const seedAlerts = () => [$/", "language": "JavaScript", "kind": "constant"}, {"_type": "tag", "name": "seedAps", "path": "/home/kavia/workspace/code-generation/wifi-network-management-system-229868-229877/wifi_management_frontend/src/data/mockDb.js", "pattern": "/^const seedAps = () => [$/", "language": "JavaScript", "kind": "constant"}, {"_type": "tag", "name": "seedClients", "path": "/home/kavia/workspace/code-generation/wifi-network-management-system-229868-229877/wifi_management_frontend/src/data/mockDb.js", "pattern": "/^const seedClients = () =>$/", "language": "JavaScript", "kind": "constant"}, {"_type": "tag", "name": "seedNetworks", "path": "/home/kavia/workspace/code-generation/wifi-network-management-system-229868-229877/wifi_management_frontend/src/data/mockDb.js", "pattern": "/^const seedNetworks = () => [$/", "language": "JavaScript", "kind": "constant"}, {"_type": "tag", "name": "seedUsers", "path": "/home/kavia/workspace/code-generation/wifi-network-management-system-229868-229877/wifi_management_frontend/src/data/mockDb.js", "pattern": "/^const seedUsers = () => [$/", "language": "JavaScript", "kind": "constant"}, {"_type": "tag", "name": "session", "path": "/home/kavia/workspace/code-generation/wifi-network-management-system-229868-229877/wifi_management_frontend/src/data/mockDb.js", "pattern": "/^  session: {$/", "language": "JavaScript", "kind": "class", "scope": "mockDb", "scopeKind": "class"}, {"_type": "tag", "name": "setCurrentUser", "path": "/home/kavia/workspace/code-generation/wifi-network-management-system-229868-229877/wifi_management_frontend/src/data/mockDb.js", "pattern": "/^export function setCurrentUser(userId) {$/", "language": "JavaScript", "kind": "function", "signature": "(userId)"}, {"_type": "tag", "name": "ssid", "path": "/home/kavia/workspace/code-generation/wifi-network-management-system-229868-229877/wifi_management_frontend/src/data/mockDb.js", "pattern": "/^    ssid: payload.ssid,$/", "language": "JavaScript", "kind": "property", "scope": "createNetwork.newNet", "scopeKind": "class"}, {"_type": "tag", "name": "toggleClientBlocked", "path": "/home/kavia/workspace/code-generation/wifi-network-management-system-229868-229877/wifi_management_frontend/src/data/mockDb.js", "pattern": "/^export function toggleClientBlocked(clientId, blocked) {$/", "language": "JavaScript", "kind": "function", "signature": "(clientId, blocked)"}, {"_type": "tag", "name": "updateNetwork", "path": "/home/kavia/workspace/code-generation/wifi-network-management-system-229868-229877/wifi_management_frontend/src/data/mockDb.js", "pattern": "/^export function updateNetwork(id, patch) {$/", "language": "JavaScript", "kind": "function", "signature": "(id, patch)"}, {"_type": "tag", "name": "updateUser", "path": "/home/kavia/workspace/code-generation/wifi-network-management-system-229868-229877/wifi_management_frontend/src/data/mockDb.js", "pattern": "/^export function updateUser(userId, patch) {$/", "language": "JavaScript", "kind": "function", "signature": "(userId, patch)"}, {"_type": "tag", "name": "users", "path": "/home/kavia/workspace/code-generation/wifi-network-management-system-229868-229877/wifi_management_frontend/src/data/mockDb.js", "pattern": "/^  users: seedUsers(),$/", "language": "JavaScript", "kind": "property", "scope": "mockDb", "scopeKind": "class"}, {"_type": "tag", "name": "vlan", "path": "/home/kavia/workspace/code-generation/wifi-network-management-system-229868-229877/wifi_management_frontend/src/data/mockDb.js", "pattern": "/^    vlan: Number(payload.vlan || 1),$/", "language": "JavaScript", "kind": "property", "scope": "createNetwork.newNet", "scopeKind": "class"}], "format": "JavaScript", "hash": "298810507d8f97483c141e1bb0671082", "format-version": 4, "code-base-name": "wifi_management_frontend", "filename": "wifi_management_frontend/src/data/mockDb.js", "knowledge_revision": 30}