{"is_source_file": true, "format": "JavaScript", "description": "This file re-exports multiple UI component modules from a central index, serving as an aggregator for easier imports within the project.", "external_files": ["./Card", "./Button", "./Badge", "./Table", "./FormField", "./EmptyState", "./LoadingSkeleton", "./ErrorBanner", "./ConfirmDialog", "./a11y"], "external_methods": ["VisuallyHidden", "getAriaErrorMessage", "useFocusTrap"], "published": ["Card", "Button", "Badge", "TableWrap", "Table", "SortableTh", "FormField", "EmptyState", "LoadingSkeleton", "ErrorBanner", "ConfirmDialog", "VisuallyHidden", "getAriaErrorMessage", "useFocusTrap"], "classes": [], "methods": [], "calls": [], "search-terms": ["re-export", "UI components", "index.js", "aggregation", "component index", "frontend modules", "components export"], "state": 2, "file_id": 31, "knowledge_revision": 117, "git_revision": "b760309fd8ec24d9309d09c4e74a8fc0c6dc6431", "ctags": [], "hash": "b1d62f37efcd58f097f825606c453a1b", "format-version": 4, "code-base-name": "wifi_management_frontend", "filename": "wifi_management_frontend/src/components/ui/index.js", "revision_history": [{"117": "b760309fd8ec24d9309d09c4e74a8fc0c6dc6431"}]}