{"is_source_file": false, "format": "", "description": "", "external_files": [], "external_methods": [], "published": [], "classes": [], "methods": [], "calls": [], "search-terms": [], "state": 2, "file_id": 3, "knowledge_revision": 67, "git_revision": "b760309fd8ec24d9309d09c4e74a8fc0c6dc6431", "hash": "aa0d1388c35fced39379a54c703f8a62", "format-version": 4, "code-base-name": "wifi_management_frontend", "filename": "wifi_management_frontend/src/App.css", "revision_history": [{"67": "b760309fd8ec24d9309d09c4e74a8fc0c6dc6431"}]}