{"is_source_file": true, "format": "JavaScript (React JSX)", "description": "This file defines a React component 'ClientsListPage' that renders a webpage displaying a list of clients/devices, with navigation links to individual client details. It uses local stub data for clients and does not import or use external data fetching or API calls.", "external_files": ["react", "react-router-dom"], "external_methods": ["Link from react-router-dom"], "published": ["ClientsListPage"], "classes": [], "methods": [{"name": "ClientsListPage()", "description": "React functional component that renders a clients list webpage with navigation links.", "scope": "", "scopeKind": ""}], "calls": ["react", "react-router-dom.Link", "Array.prototype.map"], "search-terms": ["ClientsListPage", "clients list", "React component", "client details navigation", "stubClients", "ClientListPage JSX"], "state": 2, "file_id": 19, "knowledge_revision": 53, "git_revision": "458cbef614d06b0778e7dc5714257f3d0fcc8ff4", "revision_history": [{"47": "458cbef614d06b0778e7dc5714257f3d0fcc8ff4"}, {"53": "458cbef614d06b0778e7dc5714257f3d0fcc8ff4"}], "ctags": [{"_type": "tag", "name": "ClientsListPage", "path": "/home/kavia/workspace/code-generation/wifi-network-management-system-229868-229877/wifi_management_frontend/src/pages/clients/ClientsListPage.js", "pattern": "/^function ClientsListPage() {$/", "language": "JavaScript", "kind": "function", "signature": "()"}, {"_type": "tag", "name": "stubClients", "path": "/home/kavia/workspace/code-generation/wifi-network-management-system-229868-229877/wifi_management_frontend/src/pages/clients/ClientsListPage.js", "pattern": "/^const stubClients = [$/", "language": "JavaScript", "kind": "constant"}], "hash": "99ed48e4ee77899a8ac1865db623edc2", "format-version": 4, "code-base-name": "wifi_management_frontend", "filename": "wifi_management_frontend/src/pages/clients/ClientsListPage.js"}