{"is_source_file": true, "format": "JavaScript", "description": "This file defines and exports multiple service modules (authService, networkService, accessPointService, clientService, alertService, userService) which provide API methods for authentication, network management, access points, clients, alerts, and user management. It relies on imported utility functions and mock data to simulate API interactions and handles authentication checks before calling mock database functions.", "external_files": ["./apiClient", "../data/mockDb"], "external_methods": ["createApiClient", "withApiErrorHandling", "mockDb", "delay", "createNetwork", "updateNetwork", "toggleClientBlocked", "acknowledgeAlert", "getCurrentUser", "setCurrentUser", "updateUser"], "published": ["authService", "networkService", "accessPointService", "clientService", "alertService", "userService", "getApiMeta"], "classes": [], "methods": [{"name": "ensureAuthed()", "description": "Utility function to get the current authenticated user, throws an error if not authenticated.", "scope": "", "scopeKind": ""}, {"name": "getApiMeta()", "scope": "", "scopeKind": "", "description": "unavailable"}], "calls": ["createApiClient()", "withApiErrorHandling()", "getCurrentUser()", "setCurrentUser()", "mockDb.users.find()", "delay()", "createNetwork()", "updateNetwork()", "toggleClientBlocked()", "acknowledgeAlert()", "mockDb.aps.find()", "mockDb.clients.filter()", "mockDb.clients", "mockDb.alerts", "updateUser()"], "search-terms": ["api services", "mockDb functions", "authService", "networkService", "accessPointService", "clientService", "alertService", "userService", "simulateLatency", "withApiErrorHandling"], "state": 2, "file_id": 16, "knowledge_revision": 64, "git_revision": "a14d0d230fcbd8a01492c98ca50c827b5509367c", "ctags": [{"_type": "tag", "name": "accessPointService", "path": "/home/kavia/workspace/code-generation/wifi-network-management-system-229868-229877/wifi_management_frontend/src/services/index.js", "pattern": "/^export const accessPointService = {$/", "language": "JavaScript", "kind": "class"}, {"_type": "tag", "name": "acknowledge", "path": "/home/kavia/workspace/code-generation/wifi-network-management-system-229868-229877/wifi_management_frontend/src/services/index.js", "pattern": "/^  acknowledge: withApiErrorHandling(async (alertId, acknowledged) => {$/", "language": "JavaScript", "kind": "property", "scope": "alertService", "scopeKind": "class"}, {"_type": "tag", "name": "alertService", "path": "/home/kavia/workspace/code-generation/wifi-network-management-system-229868-229877/wifi_management_frontend/src/services/index.js", "pattern": "/^export const alertService = {$/", "language": "JavaScript", "kind": "class"}, {"_type": "tag", "name": "api", "path": "/home/kavia/workspace/code-generation/wifi-network-management-system-229868-229877/wifi_management_frontend/src/services/index.js", "pattern": "/^const api = createApiClient();$/", "language": "JavaScript", "kind": "constant"}, {"_type": "tag", "name": "authService", "path": "/home/kavia/workspace/code-generation/wifi-network-management-system-229868-229877/wifi_management_frontend/src/services/index.js", "pattern": "/^export const authService = {$/", "language": "JavaScript", "kind": "class"}, {"_type": "tag", "name": "clientService", "path": "/home/kavia/workspace/code-generation/wifi-network-management-system-229868-229877/wifi_management_frontend/src/services/index.js", "pattern": "/^export const clientService = {$/", "language": "JavaScript", "kind": "class"}, {"_type": "tag", "name": "create", "path": "/home/kavia/workspace/code-generation/wifi-network-management-system-229868-229877/wifi_management_frontend/src/services/index.js", "pattern": "/^  create: withApiErrorHandling(async (payload) => {$/", "language": "JavaScript", "kind": "property", "scope": "networkService", "scopeKind": "class"}, {"_type": "tag", "name": "ensureAuthed", "path": "/home/kavia/workspace/code-generation/wifi-network-management-system-229868-229877/wifi_management_frontend/src/services/index.js", "pattern": "/^function ensureAuthed() {$/", "language": "JavaScript", "kind": "function", "signature": "()"}, {"_type": "tag", "name": "getApiMeta", "path": "/home/kavia/workspace/code-generation/wifi-network-management-system-229868-229877/wifi_management_frontend/src/services/index.js", "pattern": "/^export function getApiMeta() {$/", "language": "JavaScript", "kind": "function", "signature": "()"}, {"_type": "tag", "name": "getById", "path": "/home/kavia/workspace/code-generation/wifi-network-management-system-229868-229877/wifi_management_frontend/src/services/index.js", "pattern": "/^  getById: withApiErrorHandling(async (apId) => {$/", "language": "JavaScript", "kind": "property", "scope": "accessPointService", "scopeKind": "class"}, {"_type": "tag", "name": "getSession", "path": "/home/kavia/workspace/code-generation/wifi-network-management-system-229868-229877/wifi_management_frontend/src/services/index.js", "pattern": "/^  getSession: withApiErrorHandling(async () => {$/", "language": "JavaScript", "kind": "property", "scope": "authService", "scopeKind": "class"}, {"_type": "tag", "name": "list", "path": "/home/kavia/workspace/code-generation/wifi-network-management-system-229868-229877/wifi_management_frontend/src/services/index.js", "pattern": "/^  list: withApiErrorHandling(async () => {$/", "language": "JavaScript", "kind": "property", "scope": "accessPointService", "scopeKind": "class"}, {"_type": "tag", "name": "list", "path": "/home/kavia/workspace/code-generation/wifi-network-management-system-229868-229877/wifi_management_frontend/src/services/index.js", "pattern": "/^  list: withApiErrorHandling(async () => {$/", "language": "JavaScript", "kind": "property", "scope": "alertService", "scopeKind": "class"}, {"_type": "tag", "name": "list", "path": "/home/kavia/workspace/code-generation/wifi-network-management-system-229868-229877/wifi_management_frontend/src/services/index.js", "pattern": "/^  list: withApiErrorHandling(async () => {$/", "language": "JavaScript", "kind": "property", "scope": "clientService", "scopeKind": "class"}, {"_type": "tag", "name": "list", "path": "/home/kavia/workspace/code-generation/wifi-network-management-system-229868-229877/wifi_management_frontend/src/services/index.js", "pattern": "/^  list: withApiErrorHandling(async () => {$/", "language": "JavaScript", "kind": "property", "scope": "networkService", "scopeKind": "class"}, {"_type": "tag", "name": "list", "path": "/home/kavia/workspace/code-generation/wifi-network-management-system-229868-229877/wifi_management_frontend/src/services/index.js", "pattern": "/^  list: withApiErrorHandling(async () => {$/", "language": "JavaScript", "kind": "property", "scope": "userService", "scopeKind": "class"}, {"_type": "tag", "name": "login", "path": "/home/kavia/workspace/code-generation/wifi-network-management-system-229868-229877/wifi_management_frontend/src/services/index.js", "pattern": "/^  login: withApiErrorHandling(async ({ email }) => {$/", "language": "JavaScript", "kind": "property", "scope": "authService", "scopeKind": "class"}, {"_type": "tag", "name": "logout", "path": "/home/kavia/workspace/code-generation/wifi-network-management-system-229868-229877/wifi_management_frontend/src/services/index.js", "pattern": "/^  logout: withApiErrorHandling(async () => {$/", "language": "JavaScript", "kind": "property", "scope": "authService", "scopeKind": "class"}, {"_type": "tag", "name": "networkService", "path": "/home/kavia/workspace/code-generation/wifi-network-management-system-229868-229877/wifi_management_frontend/src/services/index.js", "pattern": "/^export const networkService = {$/", "language": "JavaScript", "kind": "class"}, {"_type": "tag", "name": "setBlocked", "path": "/home/kavia/workspace/code-generation/wifi-network-management-system-229868-229877/wifi_management_frontend/src/services/index.js", "pattern": "/^  setBlocked: withApiErrorHandling(async (clientId, blocked) => {$/", "language": "JavaScript", "kind": "property", "scope": "clientService", "scopeKind": "class"}, {"_type": "tag", "name": "update", "path": "/home/kavia/workspace/code-generation/wifi-network-management-system-229868-229877/wifi_management_frontend/src/services/index.js", "pattern": "/^  update: withApiErrorHandling(async (id, patch) => {$/", "language": "JavaScript", "kind": "property", "scope": "networkService", "scopeKind": "class"}, {"_type": "tag", "name": "update", "path": "/home/kavia/workspace/code-generation/wifi-network-management-system-229868-229877/wifi_management_frontend/src/services/index.js", "pattern": "/^  update: withApiErrorHandling(async (userId, patch) => {$/", "language": "JavaScript", "kind": "property", "scope": "userService", "scopeKind": "class"}, {"_type": "tag", "name": "userService", "path": "/home/kavia/workspace/code-generation/wifi-network-management-system-229868-229877/wifi_management_frontend/src/services/index.js", "pattern": "/^export const userService = {$/", "language": "JavaScript", "kind": "class"}], "hash": "6193a67705e6ab609afa653f9180fed0", "format-version": 4, "code-base-name": "wifi_management_frontend", "filename": "wifi_management_frontend/src/services/index.js", "fields": [{"name": "acknowledge: withApiErrorHandling(async (alertId, acknowledged) => {", "scope": "alertService", "scopeKind": "class", "description": "unavailable"}, {"name": "create: withApiErrorHandling(async (payload) => {", "scope": "networkService", "scopeKind": "class", "description": "unavailable"}, {"name": "getById: withApiErrorHandling(async (apId) => {", "scope": "accessPointService", "scopeKind": "class", "description": "unavailable"}, {"name": "getSession: withApiErrorHandling(async () => {", "scope": "authService", "scopeKind": "class", "description": "unavailable"}, {"name": "list: withApiErrorHandling(async () => {", "scope": "accessPointService", "scopeKind": "class", "description": "unavailable"}, {"name": "login: withApiErrorHandling(async ({ email }) => {", "scope": "authService", "scopeKind": "class", "description": "unavailable"}, {"name": "logout: withApiErrorHandling(async () => {", "scope": "authService", "scopeKind": "class", "description": "unavailable"}, {"name": "setBlocked: withApiErrorHandling(async (clientId, blocked) => {", "scope": "clientService", "scopeKind": "class", "description": "unavailable"}, {"name": "update: withApiErrorHandling(async (id, patch) => {", "scope": "networkService", "scopeKind": "class", "description": "unavailable"}, {"name": "update: withApiErrorHandling(async (userId, patch) => {", "scope": "userService", "scopeKind": "class", "description": "unavailable"}], "revision_history": [{"64": "a14d0d230fcbd8a01492c98ca50c827b5509367c"}]}