{"is_source_file": true, "format": "JavaScript (React component)", "description": "This file defines a React functional component called StatCards, which renders a set of KPI (Key Performance Indicator) cards based on provided stats data. It uses React and a Badge component for display.", "external_files": ["./Badge"], "external_methods": [], "published": ["StatCards"], "classes": [], "methods": [{"name": "StatCards({ stats })", "description": "React functional component that renders a grid of KPI cards based on the stats array.", "scope": "", "scopeKind": ""}], "calls": ["React", "props.stats.map"], "search-terms": ["StatCards", "React component", "KPI cards", "stats", "Badge component", "src/components"], "state": 2, "file_id": 24, "knowledge_revision": 72, "git_revision": "a14d0d230fcbd8a01492c98ca50c827b5509367c", "ctags": [{"_type": "tag", "name": "StatCards", "path": "/home/kavia/workspace/code-generation/wifi-network-management-system-229868-229877/wifi_management_frontend/src/components/StatCards.js", "pattern": "/^export function StatCards({ stats }) {$/", "language": "JavaScript", "kind": "function", "signature": "({ stats })"}], "hash": "e07eb8a765e7ea5edb6f17640d6209fe", "format-version": 4, "code-base-name": "wifi_management_frontend", "filename": "wifi_management_frontend/src/components/StatCards.js", "revision_history": [{"72": "a14d0d230fcbd8a01492c98ca50c827b5509367c"}]}