{"is_source_file": true, "format": "JavaScript", "description": "React component for a Settings page including configuration display and a toggle for a demo banner.", "external_files": ["../components/ui"], "external_methods": ["React.useState", "React.useMemo", "setShowBanner", "process.env.REACT_APP_API_BASE", "process.env.REACT_APP_WS_URL", "process.env.REACT_APP_FEATURE_FLAGS", "process.env.REACT_APP_NODE_ENV"], "published": ["SettingsPage"], "classes": [], "methods": [{"name": "SettingsPage()", "description": "React functional component rendering a settings interface with environment variables and UI components.", "scope": "", "scopeKind": ""}], "calls": ["useState", "useMemo", "setShowBanner", "ErrorBanner", "Button", "Card", "FormField"], "search-terms": ["SettingsPage", "environment variables", "UI components", "React hooks", "configuration display", "error banner", "toggle button"], "state": 2, "file_id": 21, "knowledge_revision": 74, "git_revision": "b760309fd8ec24d9309d09c4e74a8fc0c6dc6431", "revision_history": [{"49": "458cbef614d06b0778e7dc5714257f3d0fcc8ff4"}, {"74": "b760309fd8ec24d9309d09c4e74a8fc0c6dc6431"}], "ctags": [{"_type": "tag", "name": "SettingsPage", "path": "/home/kavia/workspace/code-generation/wifi-network-management-system-229868-229877/wifi_management_frontend/src/pages/SettingsPage.js", "pattern": "/^function SettingsPage() {$/", "language": "JavaScript", "kind": "function", "signature": "()"}], "hash": "3476378a6385bc1b36b185efc6d13c7c", "format-version": 4, "code-base-name": "wifi_management_frontend", "filename": "wifi_management_frontend/src/pages/SettingsPage.js"}