{"is_source_file": false, "format": "", "description": "", "external_files": [], "external_methods": [], "published": [], "classes": [], "methods": [], "calls": [], "search-terms": [], "state": 2, "file_id": 4, "knowledge_revision": 21, "git_revision": "bdf12f946172ddffb969259bdd0bab59e95fe764", "ctags": [], "hash": "1a77571e1a8cf36018a41bcedf60db75", "format-version": 4, "code-base-name": "wifi_management_frontend", "filename": "wifi_management_frontend/src/setupTests.js", "revision_history": [{"21": "bdf12f946172ddffb969259bdd0bab59e95fe764"}]}