{"is_source_file": true, "format": "JavaScript (React JSX)", "description": "This file defines two React functional components, Modal and ConfirmModal, for rendering modal dialog windows with overlay, accessibility features, and customizable footer content. It includes event handling for closing the modal via the ESC key and clicking outside the modal content.", "external_files": ["./Button"], "external_methods": ["window.addEventListener", "window.removeEventListener"], "published": ["Modal", "ConfirmModal"], "classes": [], "methods": [{"name": "Modal({ open, title, children, onClose, footer })", "description": "Accessible modal dialog with overlay that can be closed with ESC or overlay click.", "scope": "", "scopeKind": ""}, {"name": "ConfirmModal", "description": "Confirmation modal for key actions with customizable confirm button and description."}], "calls": ["React", "useEffect", "Button", "window.addEventListener", "window.removeEventListener"], "search-terms": ["React modal component", "accessible dialog", "confirm modal", "ESC key close", "overlay click"], "state": 2, "file_id": 22, "knowledge_revision": 70, "git_revision": "a14d0d230fcbd8a01492c98ca50c827b5509367c", "ctags": [{"_type": "tag", "name": "Modal", "path": "/home/kavia/workspace/code-generation/wifi-network-management-system-229868-229877/wifi_management_frontend/src/components/Modal.js", "pattern": "/^export function Modal({ open, title, children, onClose, footer }) {$/", "language": "JavaScript", "kind": "function", "signature": "({ open, title, children, onClose, footer })"}, {"_type": "tag", "name": "onClose", "path": "/home/kavia/workspace/code-generation/wifi-network-management-system-229868-229877/wifi_management_frontend/src/components/Modal.js", "pattern": "/^      onClose={onClose}$/", "language": "JavaScript", "kind": "field", "scope": "Modal.onClose", "scopeKind": "class"}, {"_type": "tag", "name": "open", "path": "/home/kavia/workspace/code-generation/wifi-network-management-system-229868-229877/wifi_management_frontend/src/components/Modal.js", "pattern": "/^      open={open}$/", "language": "JavaScript", "kind": "field", "scope": "Modal.open", "scopeKind": "class"}, {"_type": "tag", "name": "title", "path": "/home/kavia/workspace/code-generation/wifi-network-management-system-229868-229877/wifi_management_frontend/src/components/Modal.js", "pattern": "/^      title={title}$/", "language": "JavaScript", "kind": "field", "scope": "Modal.title", "scopeKind": "class"}], "hash": "8db5edbe2f074b590b522259deebe74b", "format-version": 4, "code-base-name": "wifi_management_frontend", "filename": "wifi_management_frontend/src/components/Modal.js", "fields": [{"name": "onClose={onClose}", "scope": "Modal.onClose", "scopeKind": "class", "description": "unavailable"}, {"name": "open={open}", "scope": "Modal.open", "scopeKind": "class", "description": "unavailable"}, {"name": "title={title}", "scope": "Modal.title", "scopeKind": "class", "description": "unavailable"}], "revision_history": [{"70": "a14d0d230fcbd8a01492c98ca50c827b5509367c"}]}