{"is_source_file": true, "format": "JavaScript (React component)", "description": "A React functional component named Badge, used to display status badges with different variants such as success, error, warn, info, or neutral.", "external_files": [], "external_methods": ["React"], "published": ["Badge"], "classes": [], "methods": [{"name": "getBadgeClass(variant)", "description": "Utility function to determine the CSS class based on the badge variant.", "scope": "", "scopeKind": ""}, {"name": "Badge({ children, variant = \"neutral\", className = \"\", ...rest })", "description": "React functional component that renders a span with badge styling and content.", "scope": "", "scopeKind": ""}], "calls": ["getBadgeClass", "React"], "search-terms": ["Badge", "status badge", "React component", "variant", "UI element"], "state": 2, "file_id": 24, "knowledge_revision": 75, "git_revision": "b760309fd8ec24d9309d09c4e74a8fc0c6dc6431", "ctags": [{"_type": "tag", "name": "Badge", "path": "/home/kavia/workspace/code-generation/wifi-network-management-system-229868-229877/wifi_management_frontend/src/components/ui/Badge.js", "pattern": "/^function Badge({ children, variant = \"neutral\", className = \"\", ...rest }) {$/", "language": "JavaScript", "kind": "function", "signature": "({ children, variant = \"neutral\", className = \"\", ...rest })"}, {"_type": "tag", "name": "[\"badge\", getBadgeClass(variant), className]", "path": "/home/kavia/workspace/code-generation/wifi-network-management-system-229868-229877/wifi_management_frontend/src/components/ui/Badge.js", "pattern": "/^      className={[\"badge\", getBadgeClass(variant), className].filter(Boolean).join(\" \")}$/", "language": "JavaScript", "kind": "field", "scope": "Badge.className", "scopeKind": "class"}, {"_type": "tag", "name": "getBadgeClass", "path": "/home/kavia/workspace/code-generation/wifi-network-management-system-229868-229877/wifi_management_frontend/src/components/ui/Badge.js", "pattern": "/^function getBadgeClass(variant) {$/", "language": "JavaScript", "kind": "function", "signature": "(variant)"}], "hash": "e3010ad2ac2fa8c202ffa49c2a7e8648", "format-version": 4, "code-base-name": "wifi_management_frontend", "filename": "wifi_management_frontend/src/components/ui/Badge.js", "fields": [{"name": "className={[\"badge\", getBadgeClass(variant), className].filter(Boolean).join(\" \")}", "scope": "Badge.className", "scopeKind": "class", "description": "unavailable"}], "revision_history": [{"75": "b760309fd8ec24d9309d09c4e74a8fc0c6dc6431"}]}