{"is_source_file": true, "format": "JavaScript", "description": "This file defines React context for authentication state management, including an AuthProvider component and a custom hook useAuth, utilizing React hooks and an external authService.", "external_files": ["../services"], "external_methods": ["authService.getSession", "authService.login", "authService.logout"], "published": ["AuthProvider", "useAuth"], "classes": [], "methods": [{"name": "AuthProvider({ children })", "description": "React component that provides authentication state and helper methods to its children.", "scope": "", "scopeKind": ""}, {"name": "useAuth()", "description": "Custom hook to access authentication context.", "scope": "", "scopeKind": ""}], "calls": ["authService.getSession", "authService.login", "authService.logout"], "search-terms": ["AuthContext", "authService", "React context", "useAuth", "AuthProvider", "auth session"], "state": 2, "file_id": 17, "knowledge_revision": 65, "git_revision": "a14d0d230fcbd8a01492c98ca50c827b5509367c", "ctags": [{"_type": "tag", "name": "AuthContext", "path": "/home/kavia/workspace/code-generation/wifi-network-management-system-229868-229877/wifi_management_frontend/src/state/AuthContext.js", "pattern": "/^const AuthContext = createContext(null);$/", "language": "JavaScript", "kind": "constant"}, {"_type": "tag", "name": "AuthProvider", "path": "/home/kavia/workspace/code-generation/wifi-network-management-system-229868-229877/wifi_management_frontend/src/state/AuthContext.js", "pattern": "/^export function AuthProvider({ children }) {$/", "language": "JavaScript", "kind": "function", "signature": "({ children })"}, {"_type": "tag", "name": "useAuth", "path": "/home/kavia/workspace/code-generation/wifi-network-management-system-229868-229877/wifi_management_frontend/src/state/AuthContext.js", "pattern": "/^export function useAuth() {$/", "language": "JavaScript", "kind": "function", "signature": "()"}, {"_type": "tag", "name": "value", "path": "/home/kavia/workspace/code-generation/wifi-network-management-system-229868-229877/wifi_management_frontend/src/state/AuthContext.js", "pattern": "/^  return <AuthContext.Provider value={value}>{children}<\\/AuthContext.Provider>;$/", "language": "JavaScript", "kind": "field", "scope": "Provider", "scopeKind": "class"}], "hash": "815637e94b7ef8b664950dad3fe025df", "format-version": 4, "code-base-name": "wifi_management_frontend", "filename": "wifi_management_frontend/src/state/AuthContext.js", "fields": [{"name": "return <AuthContext.Provider value={value}>{children}<\\/AuthContext.Provider>;", "scope": "Provider", "scopeKind": "class", "description": "unavailable"}], "revision_history": [{"65": "a14d0d230fcbd8a01492c98ca50c827b5509367c"}]}