{"is_source_file": true, "file_id": 29, "git_revision": "", "state": 1, "description": "", "external_files": [], "external_methods": [], "published": [], "classes": [], "methods": [], "calls": [], "search-terms": [], "ctags": [{"_type": "tag", "name": "RequireAdmin", "path": "/home/kavia/workspace/code-generation/wifi-network-management-system-229868-229877/wifi_management_frontend/src/components/RouteGuards.js", "pattern": "/^export function RequireAdmin({ children }) {$/", "language": "JavaScript", "kind": "function", "signature": "({ children })"}, {"_type": "tag", "name": "RequireAuth", "path": "/home/kavia/workspace/code-generation/wifi-network-management-system-229868-229877/wifi_management_frontend/src/components/RouteGuards.js", "pattern": "/^export function RequireAuth({ children }) {$/", "language": "JavaScript", "kind": "function", "signature": "({ children })"}], "format": "JavaScript", "hash": "17ad0bd1c5beed11462ad0c4b89005da", "format-version": 4, "code-base-name": "wifi_management_frontend", "filename": "wifi_management_frontend/src/components/RouteGuards.js", "knowledge_revision": 45}