{"is_source_file": true, "format": "JavaScript", "description": "Defines a React functional component 'Button' with support for variant and size options, including a helper function for class assignment based on the variant.", "external_files": ["react"], "external_methods": ["React"], "published": ["Button"], "classes": [], "methods": [{"name": "classForVariant(variant)", "description": "Determines the CSS class for a given button variant.", "scope": "", "scopeKind": ""}, {"name": "Button({ variant = \"default\", size = \"md\", children, ...props })", "description": "A themed button component supporting variant and size options.", "scope": "", "scopeKind": ""}], "calls": ["classForVariant", "React.createElement"], "search-terms": ["React component", "Button", "variant", "size", "CSS class", "themed button"], "state": 2, "file_id": 21, "knowledge_revision": 69, "git_revision": "a14d0d230fcbd8a01492c98ca50c827b5509367c", "ctags": [{"_type": "tag", "name": "Button", "path": "/home/kavia/workspace/code-generation/wifi-network-management-system-229868-229877/wifi_management_frontend/src/components/Button.js", "pattern": "/^export function Button({ variant = \"default\", size = \"md\", children, ...props }) {$/", "language": "JavaScript", "kind": "function", "signature": "({ variant = \"default\", size = \"md\", children, ...props })"}, {"_type": "tag", "name": "classForVariant", "path": "/home/kavia/workspace/code-generation/wifi-network-management-system-229868-229877/wifi_management_frontend/src/components/Button.js", "pattern": "/^function classForVariant(variant) {$/", "language": "JavaScript", "kind": "function", "signature": "(variant)"}, {"_type": "tag", "name": "op-btn ${classForVariant(variant)} ${sizeClass}", "path": "/home/kavia/workspace/code-generation/wifi-network-management-system-229868-229877/wifi_management_frontend/src/components/Button.js", "pattern": "/^    <button className={`op-btn ${classForVariant(variant)} ${sizeClass}`} {...props}>$/", "language": "JavaScript", "kind": "field", "scope": "Button.AnonymousClass38e5fc850101", "scopeKind": "class"}], "hash": "c65bd9f7225661a4ed075e06e7ba6335", "format-version": 4, "code-base-name": "wifi_management_frontend", "filename": "wifi_management_frontend/src/components/Button.js", "fields": [{"name": "<button className={`op-btn ${classForVariant(variant)} ${sizeClass}`} {...props}>", "scope": "Button.AnonymousClass38e5fc850101", "scopeKind": "class", "description": "unavailable"}], "revision_history": [{"69": "a14d0d230fcbd8a01492c98ca50c827b5509367c"}]}