{"is_source_file": true, "file_id": 33, "git_revision": "", "state": 1, "description": "", "external_files": [], "external_methods": [], "published": [], "classes": [], "methods": [], "calls": [], "search-terms": [], "ctags": [{"_type": "tag", "name": "AccessPointsPage", "path": "/home/kavia/workspace/code-generation/wifi-network-management-system-229868-229877/wifi_management_frontend/src/pages/AccessPointsPage.js", "pattern": "/^export function AccessPointsPage() {$/", "language": "JavaScript", "kind": "function", "signature": "()"}, {"_type": "tag", "name": "statusBadge", "path": "/home/kavia/workspace/code-generation/wifi-network-management-system-229868-229877/wifi_management_frontend/src/pages/AccessPointsPage.js", "pattern": "/^function statusBadge(status) {$/", "language": "JavaScript", "kind": "function", "signature": "(status)"}], "format": "JavaScript", "hash": "7b243be54fc30d3dfb74602e7ac2c9ec", "format-version": 4, "code-base-name": "wifi_management_frontend", "filename": "wifi_management_frontend/src/pages/AccessPointsPage.js", "knowledge_revision": 49}