{"is_source_file": true, "file_id": 39, "git_revision": "", "state": 1, "description": "", "external_files": [], "external_methods": [], "published": [], "classes": [], "methods": [], "calls": [], "search-terms": [], "ctags": [{"_type": "tag", "name": "allowGuestIsolation", "path": "/home/kavia/workspace/code-generation/wifi-network-management-system-229868-229877/wifi_management_frontend/src/api/mocks/mockUtils.js", "pattern": "/^    allowGuestIsolation: true,$/", "language": "JavaScript", "kind": "property", "scope": "mockData.settings", "scopeKind": "class"}, {"_type": "tag", "name": "channelPlan", "path": "/home/kavia/workspace/code-generation/wifi-network-management-system-229868-229877/wifi_management_frontend/src/api/mocks/mockUtils.js", "pattern": "/^    channelPlan: \"Auto\",$/", "language": "JavaScript", "kind": "property", "scope": "mockData.settings", "scopeKind": "class"}, {"_type": "tag", "name": "clients", "path": "/home/kavia/workspace/code-generation/wifi-network-management-system-229868-229877/wifi_management_frontend/src/api/mocks/mockUtils.js", "pattern": "/^  clients: [$/", "language": "JavaScript", "kind": "property", "scope": "mockData", "scopeKind": "class"}, {"_type": "tag", "name": "computeDelayMs", "path": "/home/kavia/workspace/code-generation/wifi-network-management-system-229868-229877/wifi_management_frontend/src/api/mocks/mockUtils.js", "pattern": "/^function computeDelayMs({ baseMs = 250, jitterMs = 250, seed = \"\" } = {}) {$/", "language": "JavaScript", "kind": "function", "signature": "({ baseMs = 250, jitterMs = 250, seed = \"\" } = {})"}, {"_type": "tag", "name": "countryCode", "path": "/home/kavia/workspace/code-generation/wifi-network-management-system-229868-229877/wifi_management_frontend/src/api/mocks/mockUtils.js", "pattern": "/^    countryCode: \"US\",$/", "language": "JavaScript", "kind": "property", "scope": "mockData.settings", "scopeKind": "class"}, {"_type": "tag", "name": "createMockApiError", "path": "/home/kavia/workspace/code-generation/wifi-network-management-system-229868-229877/wifi_management_frontend/src/api/mocks/mockUtils.js", "pattern": "/^export function createMockApiError(message, { status = 500, code = \"MOCK_ERROR\", details = null /", "language": "JavaScript", "kind": "function", "signature": "(message, { status = 500, code = \"MOCK_ERROR\", details = null } = {})"}, {"_type": "tag", "name": "message", "path": "/home/kavia/workspace/code-generation/wifi-network-management-system-229868-229877/wifi_management_frontend/src/api/mocks/mockUtils.js", "pattern": "/^  err.api = { message, status, code, details };$/", "language": "JavaScript", "kind": "field", "scope": "err.api", "scopeKind": "class"}, {"_type": "tag", "name": "mockData", "path": "/home/kavia/workspace/code-generation/wifi-network-management-system-229868-229877/wifi_management_frontend/src/api/mocks/mockUtils.js", "pattern": "/^export const mockData = {$/", "language": "JavaScript", "kind": "class"}, {"_type": "tag", "name": "networks", "path": "/home/kavia/workspace/code-generation/wifi-network-management-system-229868-229877/wifi_management_frontend/src/api/mocks/mockUtils.js", "pattern": "/^  networks: [$/", "language": "JavaScript", "kind": "property", "scope": "mockData", "scopeKind": "class"}, {"_type": "tag", "name": "settings", "path": "/home/kavia/workspace/code-generation/wifi-network-management-system-229868-229877/wifi_management_frontend/src/api/mocks/mockUtils.js", "pattern": "/^  settings: {$/", "language": "JavaScript", "kind": "class", "scope": "mockData", "scopeKind": "class"}, {"_type": "tag", "name": "sleep", "path": "/home/kavia/workspace/code-generation/wifi-network-management-system-229868-229877/wifi_management_frontend/src/api/mocks/mockUtils.js", "pattern": "/^function sleep(ms) {$/", "language": "JavaScript", "kind": "function", "signature": "(ms)"}, {"_type": "tag", "name": "txPower", "path": "/home/kavia/workspace/code-generation/wifi-network-management-system-229868-229877/wifi_management_frontend/src/api/mocks/mockUtils.js", "pattern": "/^    txPower: \"Auto\",$/", "language": "JavaScript", "kind": "property", "scope": "mockData.settings", "scopeKind": "class"}, {"_type": "tag", "name": "withMockLatency", "path": "/home/kavia/workspace/code-generation/wifi-network-management-system-229868-229877/wifi_management_frontend/src/api/mocks/mockUtils.js", "pattern": "/^export async function withMockLatency(result, { baseMs = 250, jitterMs = 250, seed = \"\" } = {}) /", "language": "JavaScript", "kind": "function", "signature": "(result, { baseMs = 250, jitterMs = 250, seed = \"\" } = {})"}], "format": "JavaScript", "hash": "fc4ded888d419d58ec1aedba39ce6fa1", "format-version": 4, "code-base-name": "wifi_management_frontend", "filename": "wifi_management_frontend/src/api/mocks/mockUtils.js", "knowledge_revision": 96}