{"is_source_file": true, "file_id": 22, "git_revision": "", "state": 1, "description": "", "external_files": [], "external_methods": [], "published": [], "classes": [], "methods": [], "calls": [], "search-terms": [], "ctags": [{"_type": "tag", "name": "Modal", "path": "/home/kavia/workspace/code-generation/wifi-network-management-system-229868-229877/wifi_management_frontend/src/components/Modal.js", "pattern": "/^export function Modal({ open, title, children, onClose, footer }) {$/", "language": "JavaScript", "kind": "function", "signature": "({ open, title, children, onClose, footer })"}, {"_type": "tag", "name": "onClose", "path": "/home/kavia/workspace/code-generation/wifi-network-management-system-229868-229877/wifi_management_frontend/src/components/Modal.js", "pattern": "/^      onClose={onClose}$/", "language": "JavaScript", "kind": "field", "scope": "Modal.onClose", "scopeKind": "class"}, {"_type": "tag", "name": "open", "path": "/home/kavia/workspace/code-generation/wifi-network-management-system-229868-229877/wifi_management_frontend/src/components/Modal.js", "pattern": "/^      open={open}$/", "language": "JavaScript", "kind": "field", "scope": "Modal.open", "scopeKind": "class"}, {"_type": "tag", "name": "title", "path": "/home/kavia/workspace/code-generation/wifi-network-management-system-229868-229877/wifi_management_frontend/src/components/Modal.js", "pattern": "/^      title={title}$/", "language": "JavaScript", "kind": "field", "scope": "Modal.title", "scopeKind": "class"}], "format": "JavaScript", "hash": "8db5edbe2f074b590b522259deebe74b", "format-version": 4, "code-base-name": "wifi_management_frontend", "filename": "wifi_management_frontend/src/components/Modal.js", "knowledge_revision": 38}