{"is_source_file": true, "format": "JavaScript (React JSX)", "description": "This file defines React functional components for different UI states: LoadingState, EmptyState, and ErrorState, which are used to display various status messages within the front-end application.", "external_files": ["react"], "external_methods": ["React"], "published": ["LoadingState", "EmptyState", "ErrorState"], "classes": [], "methods": [{"name": "LoadingState({ title = \"Loading\u2026\" })", "description": "A React component that renders a loading indicator with a customizable title.", "scope": "", "scopeKind": ""}, {"name": "EmptyState({ title = \"Nothing here\", description = \"Try adjusting filters or adding a new item.\" })", "description": "A React component that displays an empty state message with optional description.", "scope": "", "scopeKind": ""}, {"name": "ErrorState({ title = \"Something went wrong\", error, onRetry })", "description": "A React component that displays an error message with optional retry button.", "scope": "", "scopeKind": ""}], "calls": ["React", "React.createElement", "React.cloneElement", "React.useState", "React.useEffect"], "search-terms": ["React components", "State display", "Loading indicator", "Error message", "UI states"], "state": 2, "file_id": 23, "knowledge_revision": 71, "git_revision": "a14d0d230fcbd8a01492c98ca50c827b5509367c", "ctags": [{"_type": "tag", "name": "EmptyState", "path": "/home/kavia/workspace/code-generation/wifi-network-management-system-229868-229877/wifi_management_frontend/src/components/States.js", "pattern": "/^export function EmptyState({ title = \"Nothing here\", description = \"Try adjusting filters or add/", "language": "JavaScript", "kind": "function", "signature": "({ title = \"Nothing here\", description = \"Try adjusting filters or adding a new item.\" })"}, {"_type": "tag", "name": "ErrorState", "path": "/home/kavia/workspace/code-generation/wifi-network-management-system-229868-229877/wifi_management_frontend/src/components/States.js", "pattern": "/^export function ErrorState({ title = \"Something went wrong\", error, onRetry }) {$/", "language": "JavaScript", "kind": "function", "signature": "({ title = \"Something went wrong\", error, onRetry })"}, {"_type": "tag", "name": "LoadingState", "path": "/home/kavia/workspace/code-generation/wifi-network-management-system-229868-229877/wifi_management_frontend/src/components/States.js", "pattern": "/^export function LoadingState({ title = \"Loading\u2026\" }) {$/", "language": "JavaScript", "kind": "function", "signature": "({ title = \"Loading\u2026\" })"}], "hash": "504718bab239991840126270c9e6e81d", "format-version": 4, "code-base-name": "wifi_management_frontend", "filename": "wifi_management_frontend/src/components/States.js", "revision_history": [{"71": "a14d0d230fcbd8a01492c98ca50c827b5509367c"}]}