{"is_source_file": true, "format": "JavaScript (React JSX)", "description": "This source file implements a React component for displaying a list of WiFi networks, including sorting and navigation to network details. It appears to be part of a frontend project managing WiFi networks, with scaffolding for future backend integration.", "external_files": ["../../components/ui", "react", "react-router-dom"], "external_methods": ["React.useMemo", "React.useState", "Link from react-router-dom", "Badge from ../../components/ui", "Button from ../../components/ui", "Card from ../../components/ui", "EmptyState from ../../components/ui", "SortableTh from ../../components/ui", "Table from ../../components/ui", "TableWrap from ../../components/ui"], "published": ["NetworksListPage"], "classes": [], "methods": [{"name": "NetworksListPage()", "description": "Main React functional component that renders a network list with sorting, navigation, and placeholder data.", "scope": "", "scopeKind": ""}], "calls": ["React.useState", "React.useMemo", "setSortState", "next.sort", "String()", "localeCompare()", "setSortState", "Button", "EmptyState", "TableWrap", "Table", "SortableTh", "Link", "Badge"], "search-terms": ["NetworksListPage", "WiFi networks React component", "Network management frontend", "Sortable table React", "WiFi SSID list"], "state": 2, "file_id": 17, "knowledge_revision": 69, "git_revision": "b760309fd8ec24d9309d09c4e74a8fc0c6dc6431", "revision_history": [{"45": "458cbef614d06b0778e7dc5714257f3d0fcc8ff4"}, {"52": "458cbef614d06b0778e7dc5714257f3d0fcc8ff4"}, {"69": "b760309fd8ec24d9309d09c4e74a8fc0c6dc6431"}], "ctags": [{"_type": "tag", "name": "NetworksListPage", "path": "/home/kavia/workspace/code-generation/wifi-network-management-system-229868-229877/wifi_management_frontend/src/pages/networks/NetworksListPage.js", "pattern": "/^function NetworksListPage() {$/", "language": "JavaScript", "kind": "function", "signature": "()"}, {"_type": "tag", "name": "stubNetworks", "path": "/home/kavia/workspace/code-generation/wifi-network-management-system-229868-229877/wifi_management_frontend/src/pages/networks/NetworksListPage.js", "pattern": "/^const stubNetworks = [$/", "language": "JavaScript", "kind": "constant"}], "hash": "6c63441cce2289b1965ce6ab2dc32d80", "format-version": 4, "code-base-name": "wifi_management_frontend", "filename": "wifi_management_frontend/src/pages/networks/NetworksListPage.js"}