{"is_source_file": false, "format": "", "description": "", "external_files": [], "external_methods": [], "published": [], "classes": [], "methods": [], "calls": [], "search-terms": ["App.css", "Ocean Professional theme tokens", "CSS variables", "layout", "sidebar", "header", "responsive"], "state": 2, "file_id": 3, "knowledge_revision": 30, "git_revision": "bdf12f946172ddffb969259bdd0bab59e95fe764", "hash": "e02d7248c814daef4b9d677968f6108b", "format-version": 4, "code-base-name": "wifi_management_frontend", "filename": "wifi_management_frontend/src/App.css", "revision_history": [{"30": "bdf12f946172ddffb969259bdd0bab59e95fe764"}]}