{"is_source_file": true, "format": "JavaScript (React JSX)", "description": "A React component defining a reusable Button UI element with configurable styling variants and loading state.", "external_files": [], "external_methods": [], "published": ["Button"], "classes": [], "methods": [{"name": "getVariantClass(variant)", "description": "Helper function mapping button variant types to CSS class names.", "scope": "", "scopeKind": ""}, {"name": "Button({ children, variant = \"primary\", loading = false, disabled = false, type = \"button\", className = \"\", ...rest })", "description": "React functional component rendering a styled button with support for variants, loading, and disabled states.", "scope": "", "scopeKind": ""}], "calls": ["getVariantClass"], "search-terms": ["React", "Button component", "UI", "frontend", "styling", "variant"], "state": 2, "file_id": 23, "knowledge_revision": 73, "git_revision": "b760309fd8ec24d9309d09c4e74a8fc0c6dc6431", "ctags": [{"_type": "tag", "name": "Button", "path": "/home/kavia/workspace/code-generation/wifi-network-management-system-229868-229877/wifi_management_frontend/src/components/ui/Button.js", "pattern": "/^function Button({$/", "language": "JavaScript", "kind": "function", "signature": "({ children, variant = \"primary\", loading = false, disabled = false, type = \"button\", className = \"\", ...rest })"}, {"_type": "tag", "name": "[\"btn\", getVariantClass(variant), className]", "path": "/home/kavia/workspace/code-generation/wifi-network-management-system-229868-229877/wifi_management_frontend/src/components/ui/Button.js", "pattern": "/^      className={[\"btn\", getVariantClass(variant), className].filter(Boolean).join(\" \")}$/", "language": "JavaScript", "kind": "field", "scope": "Button.className", "scopeKind": "class"}, {"_type": "tag", "name": "getVariantClass", "path": "/home/kavia/workspace/code-generation/wifi-network-management-system-229868-229877/wifi_management_frontend/src/components/ui/Button.js", "pattern": "/^function getVariantClass(variant) {$/", "language": "JavaScript", "kind": "function", "signature": "(variant)"}, {"_type": "tag", "name": "isDisabled", "path": "/home/kavia/workspace/code-generation/wifi-network-management-system-229868-229877/wifi_management_frontend/src/components/ui/Button.js", "pattern": "/^      aria-disabled={isDisabled}$/", "language": "JavaScript", "kind": "field", "scope": "Button.aria", "scopeKind": "class"}, {"_type": "tag", "name": "isDisabled", "path": "/home/kavia/workspace/code-generation/wifi-network-management-system-229868-229877/wifi_management_frontend/src/components/ui/Button.js", "pattern": "/^      disabled={isDisabled}$/", "language": "JavaScript", "kind": "field", "scope": "Button.disabled", "scopeKind": "class"}, {"_type": "tag", "name": "loading", "path": "/home/kavia/workspace/code-generation/wifi-network-management-system-229868-229877/wifi_management_frontend/src/components/ui/Button.js", "pattern": "/^      aria-busy={loading ? \"true\" : undefined}$/", "language": "JavaScript", "kind": "field", "scope": "Button.aria", "scopeKind": "class"}, {"_type": "tag", "name": "type", "path": "/home/kavia/workspace/code-generation/wifi-network-management-system-229868-229877/wifi_management_frontend/src/components/ui/Button.js", "pattern": "/^      type={type}$/", "language": "JavaScript", "kind": "field", "scope": "Button.type", "scopeKind": "class"}], "hash": "7e17b5b4c6af96f2e785962b76f5f98e", "format-version": 4, "code-base-name": "wifi_management_frontend", "filename": "wifi_management_frontend/src/components/ui/Button.js", "fields": [{"name": "className={[\"btn\", getVariantClass(variant), className].filter(Boolean).join(\" \")}", "scope": "Button.className", "scopeKind": "class", "description": "unavailable"}, {"name": "aria-disabled={isDisabled}", "scope": "Button.aria", "scopeKind": "class", "description": "unavailable"}, {"name": "disabled={isDisabled}", "scope": "Button.disabled", "scopeKind": "class", "description": "unavailable"}, {"name": "aria-busy={loading ? \"true\" : undefined}", "scope": "Button.aria", "scopeKind": "class", "description": "unavailable"}, {"name": "type={type}", "scope": "Button.type", "scopeKind": "class", "description": "unavailable"}], "revision_history": [{"73": "b760309fd8ec24d9309d09c4e74a8fc0c6dc6431"}]}