{"is_source_file": true, "file_id": 36, "git_revision": "", "state": 1, "description": "", "external_files": [], "external_methods": [], "published": [], "classes": [], "methods": [], "calls": [], "search-terms": [], "ctags": [{"_type": "tag", "name": "AlertsPage", "path": "/home/kavia/workspace/code-generation/wifi-network-management-system-229868-229877/wifi_management_frontend/src/pages/AlertsPage.js", "pattern": "/^export function AlertsPage() {$/", "language": "JavaScript", "kind": "function", "signature": "()"}, {"_type": "tag", "name": "severityBadge", "path": "/home/kavia/workspace/code-generation/wifi-network-management-system-229868-229877/wifi_management_frontend/src/pages/AlertsPage.js", "pattern": "/^function severityBadge(sev) {$/", "language": "JavaScript", "kind": "function", "signature": "(sev)"}], "format": "JavaScript", "hash": "da5a1b43a5c221e8437aef1a31654f78", "format-version": 4, "code-base-name": "wifi_management_frontend", "filename": "wifi_management_frontend/src/pages/AlertsPage.js", "knowledge_revision": 52}