{"is_source_file": false, "format": "", "description": "", "external_files": [], "external_methods": [], "published": [], "classes": [], "methods": [], "calls": [], "search-terms": [], "state": 2, "file_id": 7, "knowledge_revision": 16, "git_revision": "bdf12f946172ddffb969259bdd0bab59e95fe764", "hash": "be6538e7523bc2e9da0743133d784136", "format-version": 4, "code-base-name": "wifi_management_frontend", "filename": "wifi_management_frontend/eslint.config.mjs", "revision_history": [{"16": "bdf12f946172ddffb969259bdd0bab59e95fe764"}]}