{"is_source_file": false, "format": "", "description": "", "external_files": [], "external_methods": [], "published": [], "classes": [], "methods": [], "calls": [], "search-terms": [], "state": 2, "file_id": 9, "knowledge_revision": 26, "git_revision": "bdf12f946172ddffb969259bdd0bab59e95fe764", "hash": "d1f83b7aea0f420023894b30be2711da", "format-version": 4, "code-base-name": "wifi_management_frontend", "filename": "wifi_management_frontend/package.json", "revision_history": [{"26": "bdf12f946172ddffb969259bdd0bab59e95fe764"}]}