{"is_source_file": false, "format": "", "description": "", "external_files": [], "external_methods": [], "published": [], "classes": [], "methods": [], "calls": [], "search-terms": [], "state": 2, "file_id": 8, "knowledge_revision": 27, "git_revision": "bdf12f946172ddffb969259bdd0bab59e95fe764", "hash": "9e623789b00d72dd344c06d6c27aefb6", "format-version": 4, "code-base-name": "wifi_management_frontend", "filename": "wifi_management_frontend/README.md", "revision_history": [{"27": "bdf12f946172ddffb969259bdd0bab59e95fe764"}]}