{"is_source_file": true, "file_id": 44, "git_revision": "", "state": 1, "description": "", "external_files": [], "external_methods": [], "published": [], "classes": [], "methods": [], "calls": [], "search-terms": [], "ctags": [{"_type": "tag", "name": "VisuallyHidden", "path": "/home/kavia/workspace/code-generation/wifi-network-management-system-229868-229877/wifi_management_frontend/src/components/ui/a11y.js", "pattern": "/^export function VisuallyHidden({ as: As = \"span\", children, ...rest }) {$/", "language": "JavaScript", "kind": "function", "signature": "({ as: As = \"span\", children, ...rest })"}, {"_type": "tag", "name": "getAriaErrorMessage", "path": "/home/kavia/workspace/code-generation/wifi-network-management-system-229868-229877/wifi_management_frontend/src/components/ui/a11y.js", "pattern": "/^export function getAriaErrorMessage(err, fallback = \"Unexpected error\") {$/", "language": "JavaScript", "kind": "function", "signature": "(err, fallback = \"Unexpected error\")"}, {"_type": "tag", "name": "getFocusableElements", "path": "/home/kavia/workspace/code-generation/wifi-network-management-system-229868-229877/wifi_management_frontend/src/components/ui/a11y.js", "pattern": "/^function getFocusableElements(container) {$/", "language": "JavaScript", "kind": "function", "signature": "(container)"}, {"_type": "tag", "name": "useFocusTrap", "path": "/home/kavia/workspace/code-generation/wifi-network-management-system-229868-229877/wifi_management_frontend/src/components/ui/a11y.js", "pattern": "/^export function useFocusTrap({ enabled, containerRef, autoFocus = true } = {}) {$/", "language": "JavaScript", "kind": "function", "signature": "({ enabled, containerRef, autoFocus = true } = {})"}], "format": "JavaScript", "hash": "1d337bc491611049db06523027571086", "format-version": 4, "code-base-name": "wifi_management_frontend", "filename": "wifi_management_frontend/src/components/ui/a11y.js", "knowledge_revision": 116}