{"is_source_file": true, "format": "JavaScript (React JSX)", "description": "This file is the entry point of a React application, importing core React libraries, CSS styles, and the main App component, then rendering the App into the DOM.", "external_files": ["react", "react-dom/client", "./index.css", "./App"], "external_methods": ["ReactDOM.createRoot", "root.render"], "published": [], "classes": [], "methods": [{"name": "ReactDOM.createRoot", "description": "Creates a root React node for rendering the React component tree."}, {"name": "root.render", "description": "Renders the React component into the DOM root."}], "calls": ["ReactDOM.createRoot", "root.render"], "search-terms": ["entry point", "ReactDOM", "React", "render", "index.js", "main React component", "frontend startup"], "state": 2, "file_id": 1, "knowledge_revision": 25, "git_revision": "bdf12f946172ddffb969259bdd0bab59e95fe764", "ctags": [{"_type": "tag", "name": "root", "path": "/home/kavia/workspace/code-generation/wifi-network-management-system-229868-229877/wifi_management_frontend/src/index.js", "pattern": "/^const root = ReactDOM.createRoot(document.getElementById('root'));$/", "language": "JavaScript", "kind": "constant"}], "hash": "9fc5841375336fc175b49f8767a11383", "format-version": 4, "code-base-name": "wifi_management_frontend", "filename": "wifi_management_frontend/src/index.js", "revision_history": [{"25": "bdf12f946172ddffb969259bdd0bab59e95fe764"}]}