{"is_source_file": false, "format": "", "description": "", "external_files": [], "external_methods": [], "published": [], "classes": [], "methods": [], "calls": [], "search-terms": [], "state": 2, "file_id": 12, "knowledge_revision": 21, "git_revision": "4c1a4804e3fadbe01041f24e0d2bcea596e5e1e3", "hash": "be6538e7523bc2e9da0743133d784136", "format-version": 4, "code-base-name": "wifi_management_frontend", "filename": "wifi_management_frontend/eslint.config.mjs", "revision_history": [{"21": "4c1a4804e3fadbe01041f24e0d2bcea596e5e1e3"}]}