{"is_source_file": false, "format": "", "description": "", "external_files": [], "external_methods": [], "published": [], "classes": [], "methods": [], "calls": [], "search-terms": ["CSS", "Ocean Professional theme tokens", "global component styles", ":root", "--primary", "--secondary", "--bg", "App shell layout", ".app-shell", ".app-sidebar", ".app-main", ".app-header"], "state": 2, "file_id": 3, "knowledge_revision": 50, "git_revision": "458cbef614d06b0778e7dc5714257f3d0fcc8ff4", "hash": "5a1bfb05d0c0be0421d9e521c123f00d", "format-version": 4, "code-base-name": "wifi_management_frontend", "filename": "wifi_management_frontend/src/App.css", "revision_history": [{"50": "458cbef614d06b0778e7dc5714257f3d0fcc8ff4"}]}