{"is_source_file": true, "file_id": 16, "git_revision": "", "state": 1, "description": "", "external_files": [], "external_methods": [], "published": [], "classes": [], "methods": [], "calls": [], "search-terms": [], "ctags": [{"_type": "tag", "name": "accessPointService", "path": "/home/kavia/workspace/code-generation/wifi-network-management-system-229868-229877/wifi_management_frontend/src/services/index.js", "pattern": "/^export const accessPointService = {$/", "language": "JavaScript", "kind": "class"}, {"_type": "tag", "name": "acknowledge", "path": "/home/kavia/workspace/code-generation/wifi-network-management-system-229868-229877/wifi_management_frontend/src/services/index.js", "pattern": "/^  acknowledge: withApiErrorHandling(async (alertId, acknowledged) => {$/", "language": "JavaScript", "kind": "property", "scope": "alertService", "scopeKind": "class"}, {"_type": "tag", "name": "alertService", "path": "/home/kavia/workspace/code-generation/wifi-network-management-system-229868-229877/wifi_management_frontend/src/services/index.js", "pattern": "/^export const alertService = {$/", "language": "JavaScript", "kind": "class"}, {"_type": "tag", "name": "api", "path": "/home/kavia/workspace/code-generation/wifi-network-management-system-229868-229877/wifi_management_frontend/src/services/index.js", "pattern": "/^const api = createApiClient();$/", "language": "JavaScript", "kind": "constant"}, {"_type": "tag", "name": "authService", "path": "/home/kavia/workspace/code-generation/wifi-network-management-system-229868-229877/wifi_management_frontend/src/services/index.js", "pattern": "/^export const authService = {$/", "language": "JavaScript", "kind": "class"}, {"_type": "tag", "name": "clientService", "path": "/home/kavia/workspace/code-generation/wifi-network-management-system-229868-229877/wifi_management_frontend/src/services/index.js", "pattern": "/^export const clientService = {$/", "language": "JavaScript", "kind": "class"}, {"_type": "tag", "name": "create", "path": "/home/kavia/workspace/code-generation/wifi-network-management-system-229868-229877/wifi_management_frontend/src/services/index.js", "pattern": "/^  create: withApiErrorHandling(async (payload) => {$/", "language": "JavaScript", "kind": "property", "scope": "networkService", "scopeKind": "class"}, {"_type": "tag", "name": "ensureAuthed", "path": "/home/kavia/workspace/code-generation/wifi-network-management-system-229868-229877/wifi_management_frontend/src/services/index.js", "pattern": "/^function ensureAuthed() {$/", "language": "JavaScript", "kind": "function", "signature": "()"}, {"_type": "tag", "name": "getApiMeta", "path": "/home/kavia/workspace/code-generation/wifi-network-management-system-229868-229877/wifi_management_frontend/src/services/index.js", "pattern": "/^export function getApiMeta() {$/", "language": "JavaScript", "kind": "function", "signature": "()"}, {"_type": "tag", "name": "getById", "path": "/home/kavia/workspace/code-generation/wifi-network-management-system-229868-229877/wifi_management_frontend/src/services/index.js", "pattern": "/^  getById: withApiErrorHandling(async (apId) => {$/", "language": "JavaScript", "kind": "property", "scope": "accessPointService", "scopeKind": "class"}, {"_type": "tag", "name": "getSession", "path": "/home/kavia/workspace/code-generation/wifi-network-management-system-229868-229877/wifi_management_frontend/src/services/index.js", "pattern": "/^  getSession: withApiErrorHandling(async () => {$/", "language": "JavaScript", "kind": "property", "scope": "authService", "scopeKind": "class"}, {"_type": "tag", "name": "list", "path": "/home/kavia/workspace/code-generation/wifi-network-management-system-229868-229877/wifi_management_frontend/src/services/index.js", "pattern": "/^  list: withApiErrorHandling(async () => {$/", "language": "JavaScript", "kind": "property", "scope": "accessPointService", "scopeKind": "class"}, {"_type": "tag", "name": "list", "path": "/home/kavia/workspace/code-generation/wifi-network-management-system-229868-229877/wifi_management_frontend/src/services/index.js", "pattern": "/^  list: withApiErrorHandling(async () => {$/", "language": "JavaScript", "kind": "property", "scope": "alertService", "scopeKind": "class"}, {"_type": "tag", "name": "list", "path": "/home/kavia/workspace/code-generation/wifi-network-management-system-229868-229877/wifi_management_frontend/src/services/index.js", "pattern": "/^  list: withApiErrorHandling(async () => {$/", "language": "JavaScript", "kind": "property", "scope": "clientService", "scopeKind": "class"}, {"_type": "tag", "name": "list", "path": "/home/kavia/workspace/code-generation/wifi-network-management-system-229868-229877/wifi_management_frontend/src/services/index.js", "pattern": "/^  list: withApiErrorHandling(async () => {$/", "language": "JavaScript", "kind": "property", "scope": "networkService", "scopeKind": "class"}, {"_type": "tag", "name": "list", "path": "/home/kavia/workspace/code-generation/wifi-network-management-system-229868-229877/wifi_management_frontend/src/services/index.js", "pattern": "/^  list: withApiErrorHandling(async () => {$/", "language": "JavaScript", "kind": "property", "scope": "userService", "scopeKind": "class"}, {"_type": "tag", "name": "login", "path": "/home/kavia/workspace/code-generation/wifi-network-management-system-229868-229877/wifi_management_frontend/src/services/index.js", "pattern": "/^  login: withApiErrorHandling(async ({ email }) => {$/", "language": "JavaScript", "kind": "property", "scope": "authService", "scopeKind": "class"}, {"_type": "tag", "name": "logout", "path": "/home/kavia/workspace/code-generation/wifi-network-management-system-229868-229877/wifi_management_frontend/src/services/index.js", "pattern": "/^  logout: withApiErrorHandling(async () => {$/", "language": "JavaScript", "kind": "property", "scope": "authService", "scopeKind": "class"}, {"_type": "tag", "name": "networkService", "path": "/home/kavia/workspace/code-generation/wifi-network-management-system-229868-229877/wifi_management_frontend/src/services/index.js", "pattern": "/^export const networkService = {$/", "language": "JavaScript", "kind": "class"}, {"_type": "tag", "name": "setBlocked", "path": "/home/kavia/workspace/code-generation/wifi-network-management-system-229868-229877/wifi_management_frontend/src/services/index.js", "pattern": "/^  setBlocked: withApiErrorHandling(async (clientId, blocked) => {$/", "language": "JavaScript", "kind": "property", "scope": "clientService", "scopeKind": "class"}, {"_type": "tag", "name": "update", "path": "/home/kavia/workspace/code-generation/wifi-network-management-system-229868-229877/wifi_management_frontend/src/services/index.js", "pattern": "/^  update: withApiErrorHandling(async (id, patch) => {$/", "language": "JavaScript", "kind": "property", "scope": "networkService", "scopeKind": "class"}, {"_type": "tag", "name": "update", "path": "/home/kavia/workspace/code-generation/wifi-network-management-system-229868-229877/wifi_management_frontend/src/services/index.js", "pattern": "/^  update: withApiErrorHandling(async (userId, patch) => {$/", "language": "JavaScript", "kind": "property", "scope": "userService", "scopeKind": "class"}, {"_type": "tag", "name": "userService", "path": "/home/kavia/workspace/code-generation/wifi-network-management-system-229868-229877/wifi_management_frontend/src/services/index.js", "pattern": "/^export const userService = {$/", "language": "JavaScript", "kind": "class"}], "format": "JavaScript", "hash": "6193a67705e6ab609afa653f9180fed0", "format-version": 4, "code-base-name": "wifi_management_frontend", "filename": "wifi_management_frontend/src/services/index.js", "knowledge_revision": 32}