{"is_source_file": true, "file_id": 32, "git_revision": "", "state": 1, "description": "", "external_files": [], "external_methods": [], "published": [], "classes": [], "methods": [], "calls": [], "search-terms": [], "ctags": [{"_type": "tag", "name": "8", "path": "/home/kavia/workspace/code-generation/wifi-network-management-system-229868-229877/wifi_management_frontend/src/pages/NetworksPage.js", "pattern": "/^          pageSize={8}$/", "language": "JavaScript", "kind": "field", "scope": "pageSize", "scopeKind": "class"}, {"_type": "tag", "name": "NetworksPage", "path": "/home/kavia/workspace/code-generation/wifi-network-management-system-229868-229877/wifi_management_frontend/src/pages/NetworksPage.js", "pattern": "/^export function NetworksPage() {$/", "language": "JavaScript", "kind": "function", "signature": "()"}, {"_type": "tag", "name": "columns", "path": "/home/kavia/workspace/code-generation/wifi-network-management-system-229868-229877/wifi_management_frontend/src/pages/NetworksPage.js", "pattern": "/^          columns={columns}$/", "language": "JavaScript", "kind": "field", "scope": "NetworksPage.columns", "scopeKind": "class"}, {"_type": "tag", "name": "confirmOpen", "path": "/home/kavia/workspace/code-generation/wifi-network-management-system-229868-229877/wifi_management_frontend/src/pages/NetworksPage.js", "pattern": "/^        open={confirmOpen}$/", "language": "JavaScript", "kind": "field", "scope": "open", "scopeKind": "class"}, {"_type": "tag", "name": "confirmTarget", "path": "/home/kavia/workspace/code-generation/wifi-network-management-system-229868-229877/wifi_management_frontend/src/pages/NetworksPage.js", "pattern": "/^        description={confirmTarget?.description}$/", "language": "JavaScript", "kind": "field", "scope": "description", "scopeKind": "class"}, {"_type": "tag", "name": "confirmTarget", "path": "/home/kavia/workspace/code-generation/wifi-network-management-system-229868-229877/wifi_management_frontend/src/pages/NetworksPage.js", "pattern": "/^        title={confirmTarget?.title}$/", "language": "JavaScript", "kind": "field", "scope": "title", "scopeKind": "class"}, {"_type": "tag", "name": "editOpen", "path": "/home/kavia/workspace/code-generation/wifi-network-management-system-229868-229877/wifi_management_frontend/src/pages/NetworksPage.js", "pattern": "/^        open={editOpen}$/", "language": "JavaScript", "kind": "field", "scope": "open", "scopeKind": "class"}, {"_type": "tag", "name": "editing", "path": "/home/kavia/workspace/code-generation/wifi-network-management-system-229868-229877/wifi_management_frontend/src/pages/NetworksPage.js", "pattern": "/^          initialValues={editing}$/", "language": "JavaScript", "kind": "field", "scope": "initialValues", "scopeKind": "class"}, {"_type": "tag", "name": "editing", "path": "/home/kavia/workspace/code-generation/wifi-network-management-system-229868-229877/wifi_management_frontend/src/pages/NetworksPage.js", "pattern": "/^          submitText={editing ? \"Update\" : \"Create\"}$/", "language": "JavaScript", "kind": "field", "scope": "submitText", "scopeKind": "class"}, {"_type": "tag", "name": "editing", "path": "/home/kavia/workspace/code-generation/wifi-network-management-system-229868-229877/wifi_management_frontend/src/pages/NetworksPage.js", "pattern": "/^        title={editing ? `Edit ${editing.ssid}` : \"Create SSID\"}$/", "language": "JavaScript", "kind": "field", "scope": "title", "scopeKind": "class"}, {"_type": "tag", "name": "enabledBadge", "path": "/home/kavia/workspace/code-generation/wifi-network-management-system-229868-229877/wifi_management_frontend/src/pages/NetworksPage.js", "pattern": "/^function enabledBadge(enabled) {$/", "language": "JavaScript", "kind": "function", "signature": "(enabled)"}, {"_type": "tag", "name": "filteredRows", "path": "/home/kavia/workspace/code-generation/wifi-network-management-system-229868-229877/wifi_management_frontend/src/pages/NetworksPage.js", "pattern": "/^          rows={filteredRows}$/", "language": "JavaScript", "kind": "field", "scope": "NetworksPage.rows", "scopeKind": "class"}, {"_type": "tag", "name": "prev", "path": "/home/kavia/workspace/code-generation/wifi-network-management-system-229868-229877/wifi_management_frontend/src/pages/NetworksPage.js", "pattern": "/^              const prev = rows;$/", "language": "JavaScript", "kind": "constant", "scope": "onSubmit", "scopeKind": "class"}], "format": "JavaScript", "hash": "ab968517c1688de4af810bafe10718c5", "format-version": 4, "code-base-name": "wifi_management_frontend", "filename": "wifi_management_frontend/src/pages/NetworksPage.js", "knowledge_revision": 48}