{"is_source_file": true, "format": "JavaScript", "description": "This file defines a mock implementation of a health service API, including functions to simulate retrieving health status with a mock latency, and exports a service object with methods getHealth and getStatus.", "external_files": ["./mockUtils"], "external_methods": ["withMockLatency"], "published": ["healthService"], "classes": [], "methods": [{"name": "buildHealthPayload()", "description": "Constructs a deterministic-ish, time-aware health status payload indicating service statuses and timestamp.", "scope": "", "scopeKind": ""}, {"name": "getHealth()", "description": "Asynchronous function returning a mocked health status with simulated latency.", "scope": "healthService", "scopeKind": "class"}, {"name": "getStatus()", "description": "Alias for getHealth, also returns mocked health status with simulated latency.", "scope": "healthService", "scopeKind": "class"}], "calls": ["withMockLatency"], "search-terms": ["healthService", "buildHealthPayload", "mockUtils", "getHealth", "getStatus", "mocked health API"], "state": 2, "file_id": 43, "knowledge_revision": 108, "git_revision": "977f6e594962f9479aa74597ad278d2e885db161", "ctags": [{"_type": "tag", "name": "buildHealthPayload", "path": "/home/kavia/workspace/code-generation/wifi-network-management-system-229868-229877/wifi_management_frontend/src/api/mocks/health.js", "pattern": "/^function buildHealthPayload() {$/", "language": "JavaScript", "kind": "function", "signature": "()"}, {"_type": "tag", "name": "getHealth", "path": "/home/kavia/workspace/code-generation/wifi-network-management-system-229868-229877/wifi_management_frontend/src/api/mocks/health.js", "pattern": "/^  async getHealth() {$/", "language": "JavaScript", "kind": "method", "signature": "()", "scope": "healthService", "scopeKind": "class"}, {"_type": "tag", "name": "getStatus", "path": "/home/kavia/workspace/code-generation/wifi-network-management-system-229868-229877/wifi_management_frontend/src/api/mocks/health.js", "pattern": "/^  async getStatus() {$/", "language": "JavaScript", "kind": "method", "signature": "()", "scope": "healthService", "scopeKind": "class"}, {"_type": "tag", "name": "healthService", "path": "/home/kavia/workspace/code-generation/wifi-network-management-system-229868-229877/wifi_management_frontend/src/api/mocks/health.js", "pattern": "/^export const healthService = {$/", "language": "JavaScript", "kind": "class"}], "hash": "f78ad5cab4a1413a093ac111c0583180", "format-version": 4, "code-base-name": "wifi_management_frontend", "filename": "wifi_management_frontend/src/api/mocks/health.js", "revision_history": [{"108": "977f6e594962f9479aa74597ad278d2e885db161"}]}