{"is_source_file": true, "file_id": 33, "git_revision": "", "state": 1, "description": "", "external_files": [], "external_methods": [], "published": [], "classes": [], "methods": [], "calls": [], "search-terms": [], "ctags": [{"_type": "tag", "name": "list", "path": "/home/kavia/workspace/code-generation/wifi-network-management-system-229868-229877/wifi_management_frontend/src/api/networks.js", "pattern": "/^  list() {$/", "language": "JavaScript", "kind": "method", "signature": "()", "scope": "networksService", "scopeKind": "class"}, {"_type": "tag", "name": "networksService", "path": "/home/kavia/workspace/code-generation/wifi-network-management-system-229868-229877/wifi_management_frontend/src/api/networks.js", "pattern": "/^export const networksService = {$/", "language": "JavaScript", "kind": "class"}], "format": "JavaScript", "hash": "783aec7d9e156c73c2489037c86820f8", "format-version": 4, "code-base-name": "wifi_management_frontend", "filename": "wifi_management_frontend/src/api/networks.js", "knowledge_revision": 84}