{"is_source_file": true, "file_id": 25, "git_revision": "", "state": 1, "description": "", "external_files": [], "external_methods": [], "published": [], "classes": [], "methods": [], "calls": [], "search-terms": [], "ctags": [{"_type": "tag", "name": "DataTable", "path": "/home/kavia/workspace/code-generation/wifi-network-management-system-229868-229877/wifi_management_frontend/src/components/DataTable.js", "pattern": "/^export function DataTable({ columns, rows, initialSort = null, filterPlaceholder = \"Filter\u2026\", /", "language": "JavaScript", "kind": "function", "signature": "({ columns, rows, initialSort = null, filterPlaceholder = \"Filter\u2026\", pageSize = 10, rowKey = (r) => r.id })"}], "format": "JavaScript", "hash": "f6570dc802dec50102c520cf9e220f50", "format-version": 4, "code-base-name": "wifi_management_frontend", "filename": "wifi_management_frontend/src/components/DataTable.js", "knowledge_revision": 41}