{"is_source_file": true, "format": "JavaScript (React JSX)", "description": "This file defines a React component 'NavigationSidebar' which renders a responsive sidebar navigation menu for a web application, including user info, navigation links, and alert badges.", "external_files": ["react", "react-router-dom", "./Badge", "../state/AuthContext"], "external_methods": ["useAuth"], "published": ["NavigationSidebar"], "classes": [], "methods": [{"name": "navItems(canAdmin)", "description": "Generates the list of navigation items based on whether the user has admin privileges.", "scope": "", "scopeKind": ""}, {"name": "NavigationSidebar({ open, onClose, alertCount = 0 })", "scope": "", "scopeKind": "", "description": "unavailable"}], "calls": ["useAuth", "navItems", "NavLink"], "search-terms": ["NavigationSidebar", "react-router-dom", "AuthContext", "sidebar navigation", "React component"], "state": 2, "file_id": 27, "knowledge_revision": 75, "git_revision": "a14d0d230fcbd8a01492c98ca50c827b5509367c", "ctags": [{"_type": "tag", "name": "NavigationSidebar", "path": "/home/kavia/workspace/code-generation/wifi-network-management-system-229868-229877/wifi_management_frontend/src/components/NavigationSidebar.js", "pattern": "/^export function NavigationSidebar({ open, onClose, alertCount = 0 }) {$/", "language": "JavaScript", "kind": "function", "signature": "({ open, onClose, alertCount = 0 })"}, {"_type": "tag", "name": "navItems", "path": "/home/kavia/workspace/code-generation/wifi-network-management-system-229868-229877/wifi_management_frontend/src/components/NavigationSidebar.js", "pattern": "/^function navItems(canAdmin) {$/", "language": "JavaScript", "kind": "function", "signature": "(canAdmin)"}], "hash": "c3fa39e5e0415bd34d03f0a786a1280c", "format-version": 4, "code-base-name": "wifi_management_frontend", "filename": "wifi_management_frontend/src/components/NavigationSidebar.js", "revision_history": [{"75": "a14d0d230fcbd8a01492c98ca50c827b5509367c"}]}