{"is_source_file": true, "format": "JavaScript (React JSX)", "description": "This file defines a React functional component named ConfirmDialog, which implements a modal confirmation dialog with accessibility features such as focus trapping and keyboard event handling.", "external_files": ["./Button", "./a11y"], "external_methods": ["useFocusTrap()"], "published": ["ConfirmDialog"], "classes": [], "methods": [{"name": "ConfirmDialog({ open, title = \"Confirm\", description, confirmLabel = \"Confirm\", cancelLabel = \"Cancel\", tone = \"danger\",  onConfirm, onCancel, })", "description": "React functional component for displaying a modal confirm dialog with configurable labels, tones, and callback handlers; manages focus trap and keyboard events.", "scope": "", "scopeKind": ""}], "calls": ["useFocusTrap()", "useEffect()", "useRef()", "useMemo()", "document.addEventListener()", "document.removeEventListener()"], "search-terms": ["React modal confirm dialog", "useFocusTrap hook", "accessibility focus trap", "React component ConfirmDialog", "React button component"], "state": 2, "file_id": 30, "knowledge_revision": 118, "git_revision": "b760309fd8ec24d9309d09c4e74a8fc0c6dc6431", "revision_history": [{"81": "b760309fd8ec24d9309d09c4e74a8fc0c6dc6431"}, {"118": "b760309fd8ec24d9309d09c4e74a8fc0c6dc6431"}], "ctags": [{"_type": "tag", "name": "ConfirmDialog", "path": "/home/kavia/workspace/code-generation/wifi-network-management-system-229868-229877/wifi_management_frontend/src/components/ui/ConfirmDialog.js", "pattern": "/^function ConfirmDialog({$/", "language": "JavaScript", "kind": "function", "signature": "({ open, title = \"Confirm\", description, confirmLabel = \"Confirm\", cancelLabel = \"Cancel\", tone = \"danger\",  onConfirm, onCancel, })"}, {"_type": "tag", "name": "description", "path": "/home/kavia/workspace/code-generation/wifi-network-management-system-229868-229877/wifi_management_frontend/src/components/ui/ConfirmDialog.js", "pattern": "/^        aria-describedby={description ? descIdRef.current : undefined}$/", "language": "JavaScript", "kind": "field", "scope": "ConfirmDialog.aria", "scopeKind": "class"}, {"_type": "tag", "name": "dialogRef", "path": "/home/kavia/workspace/code-generation/wifi-network-management-system-229868-229877/wifi_management_frontend/src/components/ui/ConfirmDialog.js", "pattern": "/^        ref={dialogRef}$/", "language": "JavaScript", "kind": "field", "scope": "ConfirmDialog.ref", "scopeKind": "class"}, {"_type": "tag", "name": "titleIdRef", "path": "/home/kavia/workspace/code-generation/wifi-network-management-system-229868-229877/wifi_management_frontend/src/components/ui/ConfirmDialog.js", "pattern": "/^        aria-labelledby={titleIdRef.current}$/", "language": "JavaScript", "kind": "field", "scope": "ConfirmDialog.aria", "scopeKind": "class"}], "hash": "eeaeacb122ef4b11bbe60031ba9c78c4", "format-version": 4, "code-base-name": "wifi_management_frontend", "filename": "wifi_management_frontend/src/components/ui/ConfirmDialog.js", "fields": [{"name": "aria-describedby={description ? descIdRef.current : undefined}", "scope": "ConfirmDialog.aria", "scopeKind": "class", "description": "unavailable"}, {"name": "ref={dialogRef}", "scope": "ConfirmDialog.ref", "scopeKind": "class", "description": "unavailable"}, {"name": "aria-labelledby={titleIdRef.current}", "scope": "ConfirmDialog.aria", "scopeKind": "class", "description": "unavailable"}]}