{"is_source_file": true, "file_id": 18, "git_revision": "", "state": 1, "description": "", "external_files": [], "external_methods": [], "published": [], "classes": [], "methods": [], "calls": [], "search-terms": [], "ctags": [{"_type": "tag", "name": "ToastContext", "path": "/home/kavia/workspace/code-generation/wifi-network-management-system-229868-229877/wifi_management_frontend/src/state/ToastContext.js", "pattern": "/^const ToastContext = createContext(null);$/", "language": "JavaScript", "kind": "constant"}, {"_type": "tag", "name": "ToastProvider", "path": "/home/kavia/workspace/code-generation/wifi-network-management-system-229868-229877/wifi_management_frontend/src/state/ToastContext.js", "pattern": "/^export function ToastProvider({ children }) {$/", "language": "JavaScript", "kind": "function", "signature": "({ children })"}, {"_type": "tag", "name": "ToastRegion", "path": "/home/kavia/workspace/code-generation/wifi-network-management-system-229868-229877/wifi_management_frontend/src/state/ToastContext.js", "pattern": "/^export function ToastRegion() {$/", "language": "JavaScript", "kind": "function", "signature": "()"}, {"_type": "tag", "name": "api", "path": "/home/kavia/workspace/code-generation/wifi-network-management-system-229868-229877/wifi_management_frontend/src/state/ToastContext.js", "pattern": "/^  return <ToastContext.Provider value={api}>{children}<\\/ToastContext.Provider>;$/", "language": "JavaScript", "kind": "field", "scope": "Provider", "scopeKind": "class"}, {"_type": "tag", "name": "iconFor", "path": "/home/kavia/workspace/code-generation/wifi-network-management-system-229868-229877/wifi_management_frontend/src/state/ToastContext.js", "pattern": "/^function iconFor(type) {$/", "language": "JavaScript", "kind": "function", "signature": "(type)"}, {"_type": "tag", "name": "useToasts", "path": "/home/kavia/workspace/code-generation/wifi-network-management-system-229868-229877/wifi_management_frontend/src/state/ToastContext.js", "pattern": "/^export function useToasts() {$/", "language": "JavaScript", "kind": "function", "signature": "()"}], "format": "JavaScript", "hash": "cb0174e279a453df3b7567912ec5feaf", "format-version": 4, "code-base-name": "wifi_management_frontend", "filename": "wifi_management_frontend/src/state/ToastContext.js", "knowledge_revision": 34}