{"is_source_file": true, "format": "JavaScript", "description": "This file provides a mocked implementation of a Settings service API, including methods to get and update settings, mimicking real service behavior for testing purposes.", "external_files": ["./mockUtils"], "external_methods": ["mockData", "withMockLatency"], "published": ["settingsService"], "classes": [], "methods": [{"name": "get", "description": "Returns mock settings data with simulated latency."}, {"name": "update", "description": "Updates mock settings data with provided payload and returns updated data with simulated latency."}], "calls": ["withMockLatency", "mockData.settings"], "search-terms": ["settingsService", "mockData", "withMockLatency", "mockUtils", "settings"], "state": 2, "file_id": 42, "knowledge_revision": 107, "git_revision": "977f6e594962f9479aa74597ad278d2e885db161", "ctags": [{"_type": "tag", "name": "p", "path": "/home/kavia/workspace/code-generation/wifi-network-management-system-229868-229877/wifi_management_frontend/src/api/mocks/settings.js", "pattern": "/^    const p = payload && typeof payload === \"object\" ? payload : {};$/", "language": "JavaScript", "kind": "constant", "scope": "settingsService", "scopeKind": "class"}, {"_type": "tag", "name": "settingsService", "path": "/home/kavia/workspace/code-generation/wifi-network-management-system-229868-229877/wifi_management_frontend/src/api/mocks/settings.js", "pattern": "/^export const settingsService = {$/", "language": "JavaScript", "kind": "constant"}], "hash": "97669688ddd87e0878ea068557efa744", "format-version": 4, "code-base-name": "wifi_management_frontend", "filename": "wifi_management_frontend/src/api/mocks/settings.js", "revision_history": [{"107": "977f6e594962f9479aa74597ad278d2e885db161"}]}