{"is_source_file": true, "format": "JavaScript", "description": "This file provides a mock implementation of a Networks service API for a Wi-Fi network management system frontend, mimicking real-world CRUD operations (list, get, create, update, remove) with in-memory data and utility functions for simulating latency and errors.", "external_files": ["./mockUtils"], "external_methods": ["createMockApiError", "mockData", "withMockLatency"], "published": ["networksService"], "classes": [], "methods": [{"name": "findNetwork(id)", "description": "Finds a network object by its ID within the mock data.", "scope": "", "scopeKind": ""}, {"name": "normalizeCreatePayload(payload)", "description": "Normalizes and generates a network payload object for creation, ensuring default values and unique IDs.", "scope": "", "scopeKind": ""}, {"name": "list()", "scope": "networksService", "scopeKind": "class", "description": "unavailable"}], "calls": ["createMockApiError", "withMockLatency", "findNetwork"], "search-terms": ["networksService", "mockNetworks", "mockData.networks", "simulate latency", "createMockApiError", "CRUD operations"], "state": 2, "file_id": 40, "knowledge_revision": 105, "git_revision": "977f6e594962f9479aa74597ad278d2e885db161", "ctags": [{"_type": "tag", "name": "created", "path": "/home/kavia/workspace/code-generation/wifi-network-management-system-229868-229877/wifi_management_frontend/src/api/mocks/networks.js", "pattern": "/^    const created = normalizeCreatePayload(payload);$/", "language": "JavaScript", "kind": "constant", "scope": "networksService", "scopeKind": "class"}, {"_type": "tag", "name": "findNetwork", "path": "/home/kavia/workspace/code-generation/wifi-network-management-system-229868-229877/wifi_management_frontend/src/api/mocks/networks.js", "pattern": "/^function findNetwork(id) {$/", "language": "JavaScript", "kind": "function", "signature": "(id)"}, {"_type": "tag", "name": "idx", "path": "/home/kavia/workspace/code-generation/wifi-network-management-system-229868-229877/wifi_management_frontend/src/api/mocks/networks.js", "pattern": "/^    const idx = mockData.networks.findIndex((n) => n.id === networkId);$/", "language": "JavaScript", "kind": "constant", "scope": "networksService", "scopeKind": "class"}, {"_type": "tag", "name": "list", "path": "/home/kavia/workspace/code-generation/wifi-network-management-system-229868-229877/wifi_management_frontend/src/api/mocks/networks.js", "pattern": "/^  async list() {$/", "language": "JavaScript", "kind": "method", "signature": "()", "scope": "networksService", "scopeKind": "class"}, {"_type": "tag", "name": "n", "path": "/home/kavia/workspace/code-generation/wifi-network-management-system-229868-229877/wifi_management_frontend/src/api/mocks/networks.js", "pattern": "/^    const n = findNetwork(networkId);$/", "language": "JavaScript", "kind": "constant", "scope": "networksService", "scopeKind": "class"}, {"_type": "tag", "name": "networkId", "path": "/home/kavia/workspace/code-generation/wifi-network-management-system-229868-229877/wifi_management_frontend/src/api/mocks/networks.js", "pattern": "/^    const networkId = String(id || \"\");$/", "language": "JavaScript", "kind": "constant", "scope": "networksService", "scopeKind": "class"}, {"_type": "tag", "name": "networksService", "path": "/home/kavia/workspace/code-generation/wifi-network-management-system-229868-229877/wifi_management_frontend/src/api/mocks/networks.js", "pattern": "/^export const networksService = {$/", "language": "JavaScript", "kind": "class"}, {"_type": "tag", "name": "normalizeCreatePayload", "path": "/home/kavia/workspace/code-generation/wifi-network-management-system-229868-229877/wifi_management_frontend/src/api/mocks/networks.js", "pattern": "/^function normalizeCreatePayload(payload) {$/", "language": "JavaScript", "kind": "function", "signature": "(payload)"}, {"_type": "tag", "name": "p", "path": "/home/kavia/workspace/code-generation/wifi-network-management-system-229868-229877/wifi_management_frontend/src/api/mocks/networks.js", "pattern": "/^    const p = payload && typeof payload === \"object\" ? payload : {};$/", "language": "JavaScript", "kind": "constant", "scope": "networksService", "scopeKind": "class"}, {"_type": "tag", "name": "updated", "path": "/home/kavia/workspace/code-generation/wifi-network-management-system-229868-229877/wifi_management_frontend/src/api/mocks/networks.js", "pattern": "/^    const updated = {$/", "language": "JavaScript", "kind": "constant", "scope": "networksService", "scopeKind": "class"}], "hash": "0ad6dcf1c95d658b7228670b898b5871", "format-version": 4, "code-base-name": "wifi_management_frontend", "filename": "wifi_management_frontend/src/api/mocks/networks.js", "revision_history": [{"105": "977f6e594962f9479aa74597ad278d2e885db161"}]}