{"is_source_file": true, "file_id": 23, "git_revision": "", "state": 1, "description": "", "external_files": [], "external_methods": [], "published": [], "classes": [], "methods": [], "calls": [], "search-terms": [], "ctags": [{"_type": "tag", "name": "Button", "path": "/home/kavia/workspace/code-generation/wifi-network-management-system-229868-229877/wifi_management_frontend/src/components/ui/Button.js", "pattern": "/^function Button({$/", "language": "JavaScript", "kind": "function", "signature": "({ children, variant = \"primary\", loading = false, disabled = false, type = \"button\", className = \"\", ...rest })"}, {"_type": "tag", "name": "[\"btn\", getVariantClass(variant), className]", "path": "/home/kavia/workspace/code-generation/wifi-network-management-system-229868-229877/wifi_management_frontend/src/components/ui/Button.js", "pattern": "/^      className={[\"btn\", getVariantClass(variant), className].filter(Boolean).join(\" \")}$/", "language": "JavaScript", "kind": "field", "scope": "Button.className", "scopeKind": "class"}, {"_type": "tag", "name": "getVariantClass", "path": "/home/kavia/workspace/code-generation/wifi-network-management-system-229868-229877/wifi_management_frontend/src/components/ui/Button.js", "pattern": "/^function getVariantClass(variant) {$/", "language": "JavaScript", "kind": "function", "signature": "(variant)"}, {"_type": "tag", "name": "isDisabled", "path": "/home/kavia/workspace/code-generation/wifi-network-management-system-229868-229877/wifi_management_frontend/src/components/ui/Button.js", "pattern": "/^      aria-disabled={isDisabled}$/", "language": "JavaScript", "kind": "field", "scope": "Button.aria", "scopeKind": "class"}, {"_type": "tag", "name": "isDisabled", "path": "/home/kavia/workspace/code-generation/wifi-network-management-system-229868-229877/wifi_management_frontend/src/components/ui/Button.js", "pattern": "/^      disabled={isDisabled}$/", "language": "JavaScript", "kind": "field", "scope": "Button.disabled", "scopeKind": "class"}, {"_type": "tag", "name": "loading", "path": "/home/kavia/workspace/code-generation/wifi-network-management-system-229868-229877/wifi_management_frontend/src/components/ui/Button.js", "pattern": "/^      aria-busy={loading ? \"true\" : undefined}$/", "language": "JavaScript", "kind": "field", "scope": "Button.aria", "scopeKind": "class"}, {"_type": "tag", "name": "type", "path": "/home/kavia/workspace/code-generation/wifi-network-management-system-229868-229877/wifi_management_frontend/src/components/ui/Button.js", "pattern": "/^      type={type}$/", "language": "JavaScript", "kind": "field", "scope": "Button.type", "scopeKind": "class"}], "format": "JavaScript", "hash": "7e17b5b4c6af96f2e785962b76f5f98e", "format-version": 4, "code-base-name": "wifi_management_frontend", "filename": "wifi_management_frontend/src/components/ui/Button.js", "knowledge_revision": 57}