{"is_source_file": true, "format": "JavaScript (React JSX)", "description": "A React component named LoadingSkeleton that renders placeholder skeleton lines for loading states, customizable by number of lines and additional CSS classes.", "external_files": [], "external_methods": ["React"], "published": ["LoadingSkeleton"], "classes": [], "methods": [{"name": "LoadingSkeleton({ lines = 3, className = \"\" })", "description": "React functional component that displays a list of animated skeleton lines as placeholders during loading.", "scope": "", "scopeKind": ""}, {"name": "clamp(n, min, max)", "scope": "", "scopeKind": "", "description": "unavailable"}], "calls": ["clamp", "Array.from", "React"], "search-terms": ["LoadingSkeleton", "skeleton-block", "loading-placeholder", "React component", "UI loading indicator", "skeleton lines", "placeholder"], "state": 2, "file_id": 28, "knowledge_revision": 79, "git_revision": "b760309fd8ec24d9309d09c4e74a8fc0c6dc6431", "ctags": [{"_type": "tag", "name": "LoadingSkeleton", "path": "/home/kavia/workspace/code-generation/wifi-network-management-system-229868-229877/wifi_management_frontend/src/components/ui/LoadingSkeleton.js", "pattern": "/^function LoadingSkeleton({ lines = 3, className = \"\" }) {$/", "language": "JavaScript", "kind": "function", "signature": "({ lines = 3, className = \"\" })"}, {"_type": "tag", "name": "[\"skeleton\", className]", "path": "/home/kavia/workspace/code-generation/wifi-network-management-system-229868-229877/wifi_management_frontend/src/components/ui/LoadingSkeleton.js", "pattern": "/^  return <div className={[\"skeleton\", className].filter(Boolean).join(\" \")}>{items}<\\/div>;$/", "language": "JavaScript", "kind": "field", "scope": "LoadingSkeleton.AnonymousClassf7781b590101", "scopeKind": "class"}, {"_type": "tag", "name": "clamp", "path": "/home/kavia/workspace/code-generation/wifi-network-management-system-229868-229877/wifi_management_frontend/src/components/ui/LoadingSkeleton.js", "pattern": "/^function clamp(n, min, max) {$/", "language": "JavaScript", "kind": "function", "signature": "(n, min, max)"}], "hash": "f68b45e52fc73f3ba3c3efbe549ca49e", "format-version": 4, "code-base-name": "wifi_management_frontend", "filename": "wifi_management_frontend/src/components/ui/LoadingSkeleton.js", "fields": [{"name": "return <div className={[\"skeleton\", className].filter(Boolean).join(\" \")}>{items}<\\/div>;", "scope": "LoadingSkeleton.AnonymousClassf7781b590101", "scopeKind": "class", "description": "unavailable"}], "revision_history": [{"79": "b760309fd8ec24d9309d09c4e74a8fc0c6dc6431"}]}