{"is_source_file": true, "file_id": 21, "git_revision": "", "state": 1, "description": "", "external_files": [], "external_methods": [], "published": [], "classes": [], "methods": [], "calls": [], "search-terms": [], "ctags": [{"_type": "tag", "name": "Button", "path": "/home/kavia/workspace/code-generation/wifi-network-management-system-229868-229877/wifi_management_frontend/src/components/Button.js", "pattern": "/^export function Button({ variant = \"default\", size = \"md\", children, ...props }) {$/", "language": "JavaScript", "kind": "function", "signature": "({ variant = \"default\", size = \"md\", children, ...props })"}, {"_type": "tag", "name": "classForVariant", "path": "/home/kavia/workspace/code-generation/wifi-network-management-system-229868-229877/wifi_management_frontend/src/components/Button.js", "pattern": "/^function classForVariant(variant) {$/", "language": "JavaScript", "kind": "function", "signature": "(variant)"}, {"_type": "tag", "name": "op-btn ${classForVariant(variant)} ${sizeClass}", "path": "/home/kavia/workspace/code-generation/wifi-network-management-system-229868-229877/wifi_management_frontend/src/components/Button.js", "pattern": "/^    <button className={`op-btn ${classForVariant(variant)} ${sizeClass}`} {...props}>$/", "language": "JavaScript", "kind": "field", "scope": "Button.AnonymousClass38e5fc850101", "scopeKind": "class"}], "format": "JavaScript", "hash": "c65bd9f7225661a4ed075e06e7ba6335", "format-version": 4, "code-base-name": "wifi_management_frontend", "filename": "wifi_management_frontend/src/components/Button.js", "knowledge_revision": 37}