{"is_source_file": true, "file_id": 19, "git_revision": "", "state": 1, "description": "", "external_files": [], "external_methods": [], "published": [], "classes": [], "methods": [], "calls": [], "search-terms": [], "ctags": [{"_type": "tag", "name": "AppStateContext", "path": "/home/kavia/workspace/code-generation/wifi-network-management-system-229868-229877/wifi_management_frontend/src/state/AppStateContext.js", "pattern": "/^const AppStateContext = createContext(null);$/", "language": "JavaScript", "kind": "constant"}, {"_type": "tag", "name": "AppStateProvider", "path": "/home/kavia/workspace/code-generation/wifi-network-management-system-229868-229877/wifi_management_frontend/src/state/AppStateContext.js", "pattern": "/^export function AppStateProvider({ children }) {$/", "language": "JavaScript", "kind": "function", "signature": "({ children })"}, {"_type": "tag", "name": "safeLocalStorageGet", "path": "/home/kavia/workspace/code-generation/wifi-network-management-system-229868-229877/wifi_management_frontend/src/state/AppStateContext.js", "pattern": "/^function safeLocalStorageGet(key, fallback) {$/", "language": "JavaScript", "kind": "function", "signature": "(key, fallback)"}, {"_type": "tag", "name": "safeLocalStorageSet", "path": "/home/kavia/workspace/code-generation/wifi-network-management-system-229868-229877/wifi_management_frontend/src/state/AppStateContext.js", "pattern": "/^function safeLocalStorageSet(key, value) {$/", "language": "JavaScript", "kind": "function", "signature": "(key, value)"}, {"_type": "tag", "name": "useAppState", "path": "/home/kavia/workspace/code-generation/wifi-network-management-system-229868-229877/wifi_management_frontend/src/state/AppStateContext.js", "pattern": "/^export function useAppState() {$/", "language": "JavaScript", "kind": "function", "signature": "()"}, {"_type": "tag", "name": "value", "path": "/home/kavia/workspace/code-generation/wifi-network-management-system-229868-229877/wifi_management_frontend/src/state/AppStateContext.js", "pattern": "/^  return <AppStateContext.Provider value={value}>{children}<\\/AppStateContext.Provider>;$/", "language": "JavaScript", "kind": "field", "scope": "Provider", "scopeKind": "class"}], "format": "JavaScript", "hash": "510d9f036390ff076bfa02737ac3835b", "format-version": 4, "code-base-name": "wifi_management_frontend", "filename": "wifi_management_frontend/src/state/AppStateContext.js", "knowledge_revision": 35}