{"is_source_file": true, "format": "JavaScript (ReactJS)", "description": "This file defines React components (RequireAuth and RequireAdmin) that serve as route guards, ensuring that certain routes are only accessible to authenticated users and/or users with admin privileges.", "external_files": ["react", "react-router-dom", "../state/AuthContext", "./States"], "external_methods": ["React", "Navigate", "useAuth", "LoadingState"], "published": ["RequireAuth", "RequireAdmin"], "classes": [], "methods": [{"name": "RequireAuth({ children })", "description": "A React component that checks if the user is authenticated and loading state; redirects to login if not authenticated.", "scope": "", "scopeKind": ""}, {"name": "RequireAdmin({ children })", "description": "A React component that checks if the user is authenticated and has admin privileges; redirects accordingly.", "scope": "", "scopeKind": ""}], "calls": ["useAuth", "LoadingState", "Navigate"], "search-terms": ["React route guards", "authentication", "authorization", "React components", "RequireAuth", "RequireAdmin", "react-router-dom"], "state": 2, "file_id": 29, "knowledge_revision": 77, "git_revision": "a14d0d230fcbd8a01492c98ca50c827b5509367c", "ctags": [{"_type": "tag", "name": "RequireAdmin", "path": "/home/kavia/workspace/code-generation/wifi-network-management-system-229868-229877/wifi_management_frontend/src/components/RouteGuards.js", "pattern": "/^export function RequireAdmin({ children }) {$/", "language": "JavaScript", "kind": "function", "signature": "({ children })"}, {"_type": "tag", "name": "RequireAuth", "path": "/home/kavia/workspace/code-generation/wifi-network-management-system-229868-229877/wifi_management_frontend/src/components/RouteGuards.js", "pattern": "/^export function RequireAuth({ children }) {$/", "language": "JavaScript", "kind": "function", "signature": "({ children })"}], "hash": "17ad0bd1c5beed11462ad0c4b89005da", "format-version": 4, "code-base-name": "wifi_management_frontend", "filename": "wifi_management_frontend/src/components/RouteGuards.js", "revision_history": [{"77": "a14d0d230fcbd8a01492c98ca50c827b5509367c"}]}