{"is_source_file": true, "format": "JavaScript (React)", "description": "This file defines the React component AdminUsersPage which renders an admin interface for managing users, including viewing user details, roles, and enabling/disabling accounts. It imports various React components, hooks, and services, and manages state and side effects related to fetching and updating user data.", "external_files": ["../components/DataTable", "../components/Badge", "../components/Button", "../components/States", "../services", "../state/ToastContext"], "external_methods": ["userService.list", "userService.update", "useToasts"], "published": ["AdminUsersPage"], "classes": [], "methods": [{"name": "roleBadge(role)", "description": "Returns a Badge component with label based on user role ('admin', 'operator', or default 'Viewer').", "scope": "", "scopeKind": ""}, {"name": "load", "description": "Asynchronous function to fetch user data via userService and update state; handles loading and error states."}, {"name": "AdminUsersPage()", "scope": "", "scopeKind": "", "description": "unavailable"}], "calls": ["useState", "useEffect", "useMemo", "userService.list", "userService.update", "toasts.pushSuccess", "toasts.pushError"], "search-terms": ["AdminUsersPage", "React", "userService", "roleBadge", "DataTable", "user management"], "state": 2, "file_id": 37, "knowledge_revision": 85, "git_revision": "a14d0d230fcbd8a01492c98ca50c827b5509367c", "ctags": [{"_type": "tag", "name": "AdminUsersPage", "path": "/home/kavia/workspace/code-generation/wifi-network-management-system-229868-229877/wifi_management_frontend/src/pages/AdminUsersPage.js", "pattern": "/^export function AdminUsersPage() {$/", "language": "JavaScript", "kind": "function", "signature": "()"}, {"_type": "tag", "name": "roleBadge", "path": "/home/kavia/workspace/code-generation/wifi-network-management-system-229868-229877/wifi_management_frontend/src/pages/AdminUsersPage.js", "pattern": "/^function roleBadge(role) {$/", "language": "JavaScript", "kind": "function", "signature": "(role)"}], "hash": "54b533f0b478f98032d07e3ad9337745", "format-version": 4, "code-base-name": "wifi_management_frontend", "filename": "wifi_management_frontend/src/pages/AdminUsersPage.js", "revision_history": [{"85": "a14d0d230fcbd8a01492c98ca50c827b5509367c"}]}