{"is_source_file": true, "file_id": 25, "git_revision": "", "state": 1, "description": "", "external_files": [], "external_methods": [], "published": [], "classes": [], "methods": [], "calls": [], "search-terms": [], "ctags": [{"_type": "tag", "name": "SortableTh", "path": "/home/kavia/workspace/code-generation/wifi-network-management-system-229868-229877/wifi_management_frontend/src/components/ui/Table.js", "pattern": "/^function SortableTh({$/", "language": "JavaScript", "kind": "function", "signature": "({ children, sortKey, sortState, onSort, align = \"left\", style, ...rest })"}, {"_type": "tag", "name": "Table", "path": "/home/kavia/workspace/code-generation/wifi-network-management-system-229868-229877/wifi_management_frontend/src/components/ui/Table.js", "pattern": "/^function Table({ children, className = \"\", ...rest }) {$/", "language": "JavaScript", "kind": "function", "signature": "({ children, className = \"\", ...rest })"}, {"_type": "tag", "name": "TableWrap", "path": "/home/kavia/workspace/code-generation/wifi-network-management-system-229868-229877/wifi_management_frontend/src/components/ui/Table.js", "pattern": "/^function TableWrap({ children, \"aria-label\": ariaLabel, className = \"\", ...rest }) {$/", "language": "JavaScript", "kind": "function", "signature": "({ children, \"aria-label\": ariaLabel, className = \"\", ...rest })"}, {"_type": "tag", "name": "[\"table-wrap\", className]", "path": "/home/kavia/workspace/code-generation/wifi-network-management-system-229868-229877/wifi_management_frontend/src/components/ui/Table.js", "pattern": "/^    <div className={[\"table-wrap\", className].filter(Boolean).join(\" \")} aria-label={ariaLabel} /", "language": "JavaScript", "kind": "field", "scope": "TableWrap.AnonymousClass303c4e9e0101", "scopeKind": "class"}, {"_type": "tag", "name": "[\"table\", className]", "path": "/home/kavia/workspace/code-generation/wifi-network-management-system-229868-229877/wifi_management_frontend/src/components/ui/Table.js", "pattern": "/^    <table className={[\"table\", className].filter(Boolean).join(\" \")} role=\"table\" {...rest}>$/", "language": "JavaScript", "kind": "field", "scope": "Table.AnonymousClass303c4e9e0201", "scopeKind": "class"}, {"_type": "tag", "name": "ariaSort", "path": "/home/kavia/workspace/code-generation/wifi-network-management-system-229868-229877/wifi_management_frontend/src/components/ui/Table.js", "pattern": "/^      aria-sort={ariaSort}$/", "language": "JavaScript", "kind": "field", "scope": "SortableTh.aria", "scopeKind": "class"}], "format": "JavaScript", "hash": "19f0518e032fcb9c0fbd221ea7e1c704", "format-version": 4, "code-base-name": "wifi_management_frontend", "filename": "wifi_management_frontend/src/components/ui/Table.js", "knowledge_revision": 59}