{"is_source_file": true, "format": "JavaScript (React JSX)", "description": "This file defines React functional components for rendering a table with responsive wrapping, styling, and sortable headers in a UI. It includes components: TableWrap, Table, and SortableTh, each encapsulating specific table-related functionalities.", "external_files": [], "external_methods": [], "published": ["TableWrap", "Table", "SortableTh"], "classes": [], "methods": [{"name": "TableWrap({ children, \"aria-label\": ariaLabel, className = \"\", ...rest })", "description": "Provides a responsive scroll container for the table content.", "scope": "", "scopeKind": ""}, {"name": "Table({ children, className = \"\", ...rest })", "description": "Renders a styled HTML table element.", "scope": "", "scopeKind": ""}, {"name": "SortableTh({ children, sortKey, sortState, onSort, align = \"left\", style, ...rest })", "description": "A table header cell component that supports sorting interactions, displaying sorting indicators, and handling sort state.", "scope": "", "scopeKind": ""}], "calls": ["useMemo"], "search-terms": ["React table components", "responsive table wrapper", "styled table", "sortable table header", "aria-sort", "sort indicator"], "state": 2, "file_id": 25, "knowledge_revision": 76, "git_revision": "b760309fd8ec24d9309d09c4e74a8fc0c6dc6431", "ctags": [{"_type": "tag", "name": "SortableTh", "path": "/home/kavia/workspace/code-generation/wifi-network-management-system-229868-229877/wifi_management_frontend/src/components/ui/Table.js", "pattern": "/^function SortableTh({$/", "language": "JavaScript", "kind": "function", "signature": "({ children, sortKey, sortState, onSort, align = \"left\", style, ...rest })"}, {"_type": "tag", "name": "Table", "path": "/home/kavia/workspace/code-generation/wifi-network-management-system-229868-229877/wifi_management_frontend/src/components/ui/Table.js", "pattern": "/^function Table({ children, className = \"\", ...rest }) {$/", "language": "JavaScript", "kind": "function", "signature": "({ children, className = \"\", ...rest })"}, {"_type": "tag", "name": "TableWrap", "path": "/home/kavia/workspace/code-generation/wifi-network-management-system-229868-229877/wifi_management_frontend/src/components/ui/Table.js", "pattern": "/^function TableWrap({ children, \"aria-label\": ariaLabel, className = \"\", ...rest }) {$/", "language": "JavaScript", "kind": "function", "signature": "({ children, \"aria-label\": ariaLabel, className = \"\", ...rest })"}, {"_type": "tag", "name": "[\"table-wrap\", className]", "path": "/home/kavia/workspace/code-generation/wifi-network-management-system-229868-229877/wifi_management_frontend/src/components/ui/Table.js", "pattern": "/^    <div className={[\"table-wrap\", className].filter(Boolean).join(\" \")} aria-label={ariaLabel} /", "language": "JavaScript", "kind": "field", "scope": "TableWrap.AnonymousClass303c4e9e0101", "scopeKind": "class"}, {"_type": "tag", "name": "[\"table\", className]", "path": "/home/kavia/workspace/code-generation/wifi-network-management-system-229868-229877/wifi_management_frontend/src/components/ui/Table.js", "pattern": "/^    <table className={[\"table\", className].filter(Boolean).join(\" \")} role=\"table\" {...rest}>$/", "language": "JavaScript", "kind": "field", "scope": "Table.AnonymousClass303c4e9e0201", "scopeKind": "class"}, {"_type": "tag", "name": "ariaSort", "path": "/home/kavia/workspace/code-generation/wifi-network-management-system-229868-229877/wifi_management_frontend/src/components/ui/Table.js", "pattern": "/^      aria-sort={ariaSort}$/", "language": "JavaScript", "kind": "field", "scope": "SortableTh.aria", "scopeKind": "class"}], "hash": "19f0518e032fcb9c0fbd221ea7e1c704", "format-version": 4, "code-base-name": "wifi_management_frontend", "filename": "wifi_management_frontend/src/components/ui/Table.js", "fields": [{"name": "<div className={[\"table-wrap\", className].filter(Boolean).join(\" \")} aria-label={ariaLabel} /", "scope": "TableWrap.AnonymousClass303c4e9e0101", "scopeKind": "class", "description": "unavailable"}, {"name": "<table className={[\"table\", className].filter(Boolean).join(\" \")} role=\"table\" {...rest}>", "scope": "Table.AnonymousClass303c4e9e0201", "scopeKind": "class", "description": "unavailable"}, {"name": "aria-sort={ariaSort}", "scope": "SortableTh.aria", "scopeKind": "class", "description": "unavailable"}], "revision_history": [{"76": "b760309fd8ec24d9309d09c4e74a8fc0c6dc6431"}]}