{"is_source_file": false, "format": "", "description": "", "external_files": [], "external_methods": [], "published": [], "classes": [], "methods": [], "calls": [], "search-terms": [], "state": 2, "file_id": 31, "knowledge_revision": 82, "git_revision": "b760309fd8ec24d9309d09c4e74a8fc0c6dc6431", "ctags": [], "hash": "b950b2ba2eb0cf2a59fb252cd0861759", "format-version": 4, "code-base-name": "wifi_management_frontend", "filename": "wifi_management_frontend/src/components/ui/index.js", "revision_history": [{"82": "b760309fd8ec24d9309d09c4e74a8fc0c6dc6431"}]}