{"is_source_file": true, "format": "JavaScript (React JSX)", "description": "This file defines a React component `ClientsListPage` that renders a list of connected clients with their details and navigation links. It serves as part of the frontend UI for managing Wi-Fi clients.", "external_files": ["react", "react-router-dom"], "external_methods": ["Link from react-router-dom"], "published": ["ClientsListPage"], "classes": [], "methods": [{"name": "ClientsListPage()", "description": "React functional component that renders a list of Wi-Fi clients with their details and navigation links.", "scope": "", "scopeKind": ""}], "calls": ["React", "Link", "stubClients.map"], "search-terms": ["ClientsListPage", "React component", "stubClients", "frontend", "clients list", "react-router-dom", "network management UI"], "state": 3, "file_id": 19, "knowledge_revision": 47, "git_revision": "458cbef614d06b0778e7dc5714257f3d0fcc8ff4", "ctags": [{"_type": "tag", "name": "ClientsListPage", "path": "/home/kavia/workspace/code-generation/wifi-network-management-system-229868-229877/wifi_management_frontend/src/pages/clients/ClientsListPage.js", "pattern": "/^function ClientsListPage() {$/", "language": "JavaScript", "kind": "function", "signature": "()"}, {"_type": "tag", "name": "stubClients", "path": "/home/kavia/workspace/code-generation/wifi-network-management-system-229868-229877/wifi_management_frontend/src/pages/clients/ClientsListPage.js", "pattern": "/^const stubClients = [$/", "language": "JavaScript", "kind": "constant"}], "hash": "cb55f3d082dce37b9015de54d8e6ec62", "format-version": 4, "code-base-name": "wifi_management_frontend", "filename": "wifi_management_frontend/src/pages/clients/ClientsListPage.js", "revision_history": [{"47": "458cbef614d06b0778e7dc5714257f3d0fcc8ff4"}]}