{"is_source_file": true, "file_id": 28, "git_revision": "", "state": 1, "description": "", "external_files": [], "external_methods": [], "published": [], "classes": [], "methods": [], "calls": [], "search-terms": [], "ctags": [{"_type": "tag", "name": "TopHeader", "path": "/home/kavia/workspace/code-generation/wifi-network-management-system-229868-229877/wifi_management_frontend/src/components/TopHeader.js", "pattern": "/^export function TopHeader({$/", "language": "JavaScript", "kind": "function", "signature": "({ title, onOpenSidebar, searchValue, onSearchChange, status = { label: \"Network healthy\", variant: \"primary\" } })"}, {"_type": "tag", "name": "searchValue", "path": "/home/kavia/workspace/code-generation/wifi-network-management-system-229868-229877/wifi_management_frontend/src/components/TopHeader.js", "pattern": "/^            value={searchValue || \"\"}$/", "language": "JavaScript", "kind": "field", "scope": "TopHeader.value", "scopeKind": "class"}], "format": "JavaScript", "hash": "a52202703b9ff0ad103d209d4f96d29e", "format-version": 4, "code-base-name": "wifi_management_frontend", "filename": "wifi_management_frontend/src/components/TopHeader.js", "knowledge_revision": 44}