{"is_source_file": true, "file_id": 30, "git_revision": "", "state": 1, "description": "", "external_files": [], "external_methods": [], "published": [], "classes": [], "methods": [], "calls": [], "search-terms": [], "ctags": [{"_type": "tag", "name": "AppShell", "path": "/home/kavia/workspace/code-generation/wifi-network-management-system-229868-229877/wifi_management_frontend/src/layout/AppShell.js", "pattern": "/^export function AppShell() {$/", "language": "JavaScript", "kind": "function", "signature": "()"}, {"_type": "tag", "name": "globalSearch", "path": "/home/kavia/workspace/code-generation/wifi-network-management-system-229868-229877/wifi_management_frontend/src/layout/AppShell.js", "pattern": "/^            searchValue={globalSearch}$/", "language": "JavaScript", "kind": "field", "scope": "AppShell.searchValue", "scopeKind": "class"}, {"_type": "tag", "name": "pageTitleFromPath", "path": "/home/kavia/workspace/code-generation/wifi-network-management-system-229868-229877/wifi_management_frontend/src/layout/AppShell.js", "pattern": "/^function pageTitleFromPath(pathname) {$/", "language": "JavaScript", "kind": "function", "signature": "(pathname)"}, {"_type": "tag", "name": "setGlobalSearch", "path": "/home/kavia/workspace/code-generation/wifi-network-management-system-229868-229877/wifi_management_frontend/src/layout/AppShell.js", "pattern": "/^            onSearchChange={setGlobalSearch}$/", "language": "JavaScript", "kind": "field", "scope": "AppShell.onSearchChange", "scopeKind": "class"}, {"_type": "tag", "name": "status", "path": "/home/kavia/workspace/code-generation/wifi-network-management-system-229868-229877/wifi_management_frontend/src/layout/AppShell.js", "pattern": "/^            status={status}$/", "language": "JavaScript", "kind": "field", "scope": "AppShell.status", "scopeKind": "class"}, {"_type": "tag", "name": "statusFromPath", "path": "/home/kavia/workspace/code-generation/wifi-network-management-system-229868-229877/wifi_management_frontend/src/layout/AppShell.js", "pattern": "/^function statusFromPath(pathname) {$/", "language": "JavaScript", "kind": "function", "signature": "(pathname)"}, {"_type": "tag", "name": "title", "path": "/home/kavia/workspace/code-generation/wifi-network-management-system-229868-229877/wifi_management_frontend/src/layout/AppShell.js", "pattern": "/^            title={title}$/", "language": "JavaScript", "kind": "field", "scope": "AppShell.title", "scopeKind": "class"}], "format": "JavaScript", "hash": "f6860d5dd37049d93e14f84fa3e48a43", "format-version": 4, "code-base-name": "wifi_management_frontend", "filename": "wifi_management_frontend/src/layout/AppShell.js", "knowledge_revision": 46}