{"is_source_file": true, "format": "JavaScript (React JSX)", "description": "Source code for a React functional component representing the Dashboard page of a WiFi network management frontend. It displays placeholders for networks, clients, and alerts information.", "external_files": [], "external_methods": [], "published": ["DashboardPage"], "classes": [], "methods": [{"name": "DashboardPage()", "description": "React functional component rendering the dashboard layout with placeholders.", "scope": "", "scopeKind": ""}], "calls": [], "search-terms": ["DashboardPage", "React", "dashboard", "WiFi", "network management", "frontend component", "page layout"], "state": 2, "file_id": 16, "knowledge_revision": 44, "git_revision": "", "ctags": [{"_type": "tag", "name": "DashboardPage", "path": "/home/kavia/workspace/code-generation/wifi-network-management-system-229868-229877/wifi_management_frontend/src/pages/DashboardPage.js", "pattern": "/^function DashboardPage() {$/", "language": "JavaScript", "kind": "function", "signature": "()"}], "hash": "a328708065809170d393c6985c86b66e", "format-version": 4, "code-base-name": "wifi_management_frontend", "filename": "wifi_management_frontend/src/pages/DashboardPage.js", "revision_history": [{"44": ""}]}