{"is_source_file": true, "format": "JavaScript (React JSX)", "description": "This file implements the SettingsPage component, a React functional component for managing and displaying WiFi network settings, application preferences, and feature flags within a frontend UI. It handles loading and in-memory editing of settings, including validation, environment variable integration, mock mode toggling, and user interface controls.", "external_files": ["../components/ui", "../api", "../utils/featureFlags"], "external_methods": ["settingsService.get", "getFeatureFlags", "isFeatureEnabled"], "published": ["SettingsPage"], "classes": [], "methods": [{"name": "toBool(value, fallback = false)", "description": "Converts various input types to a boolean value with a fallback option.", "scope": "", "scopeKind": ""}, {"name": "toInt(value, fallback)", "description": "Converts input to an integer with a fallback value, truncating as needed.", "scope": "", "scopeKind": ""}, {"name": "parseCsvList(value)", "description": "Parses a comma-separated string into an array of trimmed, non-empty strings.", "scope": "", "scopeKind": ""}, {"name": "parseFeatureFlagsAllowingEmpty(rawFlags)", "description": "Handles feature flag parsing, providing a placeholder string if environment variable is unset or empty.", "scope": "", "scopeKind": ""}, {"name": "hydrateFromServer", "description": "Normalizes server-provided settings data into the internal in-memory structure."}, {"name": "validate", "description": "Validates the current in-memory settings for correctness, especially WiFi parameters."}, {"name": "load", "description": "Asynchronously fetches settings from the backend API and initializes in-memory state."}, {"name": "updateWifiField", "description": "Updates a specific WiFi setting field within the in-memory preferences."}, {"name": "updateUiField", "description": "Updates a specific UI preference setting in-memory."}, {"name": "onReset", "description": "Resets in-memory preferences to last loaded server settings or defaults."}, {"name": "onSaveInMemory", "description": "Performs a validation and simulates saving settings in-memory (without backend persistence)."}, {"name": "onToggleMockMode", "description": "Toggles the in-memory mock mode flag; actual API service switch requires app reload."}, {"name": "SettingsPage()", "scope": "", "scopeKind": "", "description": "unavailable"}], "calls": ["settingsService.get", "getFeatureFlags", "isFeatureEnabled", "setPrefs", "setErrors", "hydrateFromServer", "validate", "load"], "search-terms": ["SettingsPage", "WiFi parameters", "feature flags", "mock mode", "environment variables", "validation", "React hooks", "useMemo", "useCallback", "useEffect"], "state": 2, "file_id": 21, "knowledge_revision": 115, "git_revision": "b760309fd8ec24d9309d09c4e74a8fc0c6dc6431", "revision_history": [{"49": "458cbef614d06b0778e7dc5714257f3d0fcc8ff4"}, {"74": "b760309fd8ec24d9309d09c4e74a8fc0c6dc6431"}, {"115": "b760309fd8ec24d9309d09c4e74a8fc0c6dc6431"}], "ctags": [{"_type": "tag", "name": "6", "path": "/home/kavia/workspace/code-generation/wifi-network-management-system-229868-229877/wifi_management_frontend/src/pages/SettingsPage.js", "pattern": "/^                  rows={6}$/", "language": "JavaScript", "kind": "field", "scope": "readOnly", "scopeKind": "class"}, {"_type": "tag", "name": "JSON", "path": "/home/kavia/workspace/code-generation/wifi-network-management-system-229868-229877/wifi_management_frontend/src/pages/SettingsPage.js", "pattern": "/^                  value={JSON.stringify(prefs.featureFlags.parsed || {}, null, 2)}$/", "language": "JavaScript", "kind": "field", "scope": "value", "scopeKind": "class"}, {"_type": "tag", "name": "SettingsPage", "path": "/home/kavia/workspace/code-generation/wifi-network-management-system-229868-229877/wifi_management_frontend/src/pages/SettingsPage.js", "pattern": "/^function SettingsPage() {$/", "language": "JavaScript", "kind": "function", "signature": "()"}, {"_type": "tag", "name": "channels2gText", "path": "/home/kavia/workspace/code-generation/wifi-network-management-system-229868-229877/wifi_management_frontend/src/pages/SettingsPage.js", "pattern": "/^                value={channels2gText}$/", "language": "JavaScript", "kind": "field", "scope": "value", "scopeKind": "class"}, {"_type": "tag", "name": "channels5gText", "path": "/home/kavia/workspace/code-generation/wifi-network-management-system-229868-229877/wifi_management_frontend/src/pages/SettingsPage.js", "pattern": "/^                value={channels5gText}$/", "language": "JavaScript", "kind": "field", "scope": "value", "scopeKind": "class"}, {"_type": "tag", "name": "errors", "path": "/home/kavia/workspace/code-generation/wifi-network-management-system-229868-229877/wifi_management_frontend/src/pages/SettingsPage.js", "pattern": "/^              error={errors.channels2g}$/", "language": "JavaScript", "kind": "field", "scope": "error", "scopeKind": "class"}, {"_type": "tag", "name": "errors", "path": "/home/kavia/workspace/code-generation/wifi-network-management-system-229868-229877/wifi_management_frontend/src/pages/SettingsPage.js", "pattern": "/^              error={errors.channels5g}$/", "language": "JavaScript", "kind": "field", "scope": "error", "scopeKind": "class"}, {"_type": "tag", "name": "errors", "path": "/home/kavia/workspace/code-generation/wifi-network-management-system-229868-229877/wifi_management_frontend/src/pages/SettingsPage.js", "pattern": "/^              error={errors.region}$/", "language": "JavaScript", "kind": "field", "scope": "error", "scopeKind": "class"}, {"_type": "tag", "name": "errors", "path": "/home/kavia/workspace/code-generation/wifi-network-management-system-229868-229877/wifi_management_frontend/src/pages/SettingsPage.js", "pattern": "/^              error={errors.txPowerDbm}$/", "language": "JavaScript", "kind": "field", "scope": "error", "scopeKind": "class"}, {"_type": "tag", "name": "load", "path": "/home/kavia/workspace/code-generation/wifi-network-management-system-229868-229877/wifi_management_frontend/src/pages/SettingsPage.js", "pattern": "/^          onAction={load}$/", "language": "JavaScript", "kind": "field", "scope": "SettingsPage.onAction", "scopeKind": "class"}, {"_type": "tag", "name": "parseCsvList", "path": "/home/kavia/workspace/code-generation/wifi-network-management-system-229868-229877/wifi_management_frontend/src/pages/SettingsPage.js", "pattern": "/^function parseCsvList(value) {$/", "language": "JavaScript", "kind": "function", "signature": "(value)"}, {"_type": "tag", "name": "parseFeatureFlagsAllowingEmpty", "path": "/home/kavia/workspace/code-generation/wifi-network-management-system-229868-229877/wifi_management_frontend/src/pages/SettingsPage.js", "pattern": "/^function parseFeatureFlagsAllowingEmpty(rawFlags) {$/", "language": "JavaScript", "kind": "function", "signature": "(rawFlags)"}, {"_type": "tag", "name": "regionValue", "path": "/home/kavia/workspace/code-generation/wifi-network-management-system-229868-229877/wifi_management_frontend/src/pages/SettingsPage.js", "pattern": "/^                value={regionValue}$/", "language": "JavaScript", "kind": "field", "scope": "value", "scopeKind": "class"}, {"_type": "tag", "name": "toBool", "path": "/home/kavia/workspace/code-generation/wifi-network-management-system-229868-229877/wifi_management_frontend/src/pages/SettingsPage.js", "pattern": "/^function toBool(value, fallback = false) {$/", "language": "JavaScript", "kind": "function", "signature": "(value, fallback = false)"}, {"_type": "tag", "name": "toInt", "path": "/home/kavia/workspace/code-generation/wifi-network-management-system-229868-229877/wifi_management_frontend/src/pages/SettingsPage.js", "pattern": "/^function toInt(value, fallback) {$/", "language": "JavaScript", "kind": "function", "signature": "(value, fallback)"}], "hash": "8880f34074089c7e4341ea94abe17a03", "format-version": 4, "code-base-name": "wifi_management_frontend", "filename": "wifi_management_frontend/src/pages/SettingsPage.js", "fields": [{"name": "rows={6}", "scope": "readOnly", "scopeKind": "class", "description": "unavailable"}, {"name": "value={JSON.stringify(prefs.featureFlags.parsed || {}, null, 2)}", "scope": "value", "scopeKind": "class", "description": "unavailable"}, {"name": "value={channels2gText}", "scope": "value", "scopeKind": "class", "description": "unavailable"}, {"name": "value={channels5gText}", "scope": "value", "scopeKind": "class", "description": "unavailable"}, {"name": "error={errors.channels2g}", "scope": "error", "scopeKind": "class", "description": "unavailable"}, {"name": "error={errors.channels5g}", "scope": "error", "scopeKind": "class", "description": "unavailable"}, {"name": "error={errors.region}", "scope": "error", "scopeKind": "class", "description": "unavailable"}, {"name": "error={errors.txPowerDbm}", "scope": "error", "scopeKind": "class", "description": "unavailable"}, {"name": "onAction={load}", "scope": "SettingsPage.onAction", "scopeKind": "class", "description": "unavailable"}, {"name": "value={regionValue}", "scope": "value", "scopeKind": "class", "description": "unavailable"}]}