{"is_source_file": false, "format": "", "description": "", "external_files": [], "external_methods": [], "published": [], "classes": [], "methods": [], "calls": [], "search-terms": [], "state": 2, "file_id": 10, "knowledge_revision": 17, "git_revision": "bdf12f946172ddffb969259bdd0bab59e95fe764", "hash": "d2b40d02d5f7873d8a6713bad837edd4", "format-version": 4, "code-base-name": "wifi_management_frontend", "filename": "wifi_management_frontend/public/index.html", "revision_history": [{"17": "bdf12f946172ddffb969259bdd0bab59e95fe764"}]}