{"is_source_file": true, "file_id": 40, "git_revision": "", "state": 1, "description": "", "external_files": [], "external_methods": [], "published": [], "classes": [], "methods": [], "calls": [], "search-terms": [], "ctags": [{"_type": "tag", "name": "created", "path": "/home/kavia/workspace/code-generation/wifi-network-management-system-229868-229877/wifi_management_frontend/src/api/mocks/networks.js", "pattern": "/^    const created = normalizeCreatePayload(payload);$/", "language": "JavaScript", "kind": "constant", "scope": "networksService", "scopeKind": "class"}, {"_type": "tag", "name": "findNetwork", "path": "/home/kavia/workspace/code-generation/wifi-network-management-system-229868-229877/wifi_management_frontend/src/api/mocks/networks.js", "pattern": "/^function findNetwork(id) {$/", "language": "JavaScript", "kind": "function", "signature": "(id)"}, {"_type": "tag", "name": "idx", "path": "/home/kavia/workspace/code-generation/wifi-network-management-system-229868-229877/wifi_management_frontend/src/api/mocks/networks.js", "pattern": "/^    const idx = mockData.networks.findIndex((n) => n.id === networkId);$/", "language": "JavaScript", "kind": "constant", "scope": "networksService", "scopeKind": "class"}, {"_type": "tag", "name": "list", "path": "/home/kavia/workspace/code-generation/wifi-network-management-system-229868-229877/wifi_management_frontend/src/api/mocks/networks.js", "pattern": "/^  async list() {$/", "language": "JavaScript", "kind": "method", "signature": "()", "scope": "networksService", "scopeKind": "class"}, {"_type": "tag", "name": "n", "path": "/home/kavia/workspace/code-generation/wifi-network-management-system-229868-229877/wifi_management_frontend/src/api/mocks/networks.js", "pattern": "/^    const n = findNetwork(networkId);$/", "language": "JavaScript", "kind": "constant", "scope": "networksService", "scopeKind": "class"}, {"_type": "tag", "name": "networkId", "path": "/home/kavia/workspace/code-generation/wifi-network-management-system-229868-229877/wifi_management_frontend/src/api/mocks/networks.js", "pattern": "/^    const networkId = String(id || \"\");$/", "language": "JavaScript", "kind": "constant", "scope": "networksService", "scopeKind": "class"}, {"_type": "tag", "name": "networksService", "path": "/home/kavia/workspace/code-generation/wifi-network-management-system-229868-229877/wifi_management_frontend/src/api/mocks/networks.js", "pattern": "/^export const networksService = {$/", "language": "JavaScript", "kind": "class"}, {"_type": "tag", "name": "normalizeCreatePayload", "path": "/home/kavia/workspace/code-generation/wifi-network-management-system-229868-229877/wifi_management_frontend/src/api/mocks/networks.js", "pattern": "/^function normalizeCreatePayload(payload) {$/", "language": "JavaScript", "kind": "function", "signature": "(payload)"}, {"_type": "tag", "name": "p", "path": "/home/kavia/workspace/code-generation/wifi-network-management-system-229868-229877/wifi_management_frontend/src/api/mocks/networks.js", "pattern": "/^    const p = payload && typeof payload === \"object\" ? payload : {};$/", "language": "JavaScript", "kind": "constant", "scope": "networksService", "scopeKind": "class"}, {"_type": "tag", "name": "updated", "path": "/home/kavia/workspace/code-generation/wifi-network-management-system-229868-229877/wifi_management_frontend/src/api/mocks/networks.js", "pattern": "/^    const updated = {$/", "language": "JavaScript", "kind": "constant", "scope": "networksService", "scopeKind": "class"}], "format": "JavaScript", "hash": "0ad6dcf1c95d658b7228670b898b5871", "format-version": 4, "code-base-name": "wifi_management_frontend", "filename": "wifi_management_frontend/src/api/mocks/networks.js", "knowledge_revision": 97}