{"is_source_file": true, "format": "JavaScript (React JSX)", "description": "A React component named EmptyState that displays an informational placeholder for empty lists or detail panes, with optional action button.", "external_files": ["./Button"], "external_methods": ["Button"], "published": ["EmptyState"], "classes": [], "methods": [{"name": "EmptyState({ title, description, actionLabel, onAction, icon, className = \"\", })", "description": "React function component that renders an empty state UI with optional icon, description, and action button.", "scope": "", "scopeKind": ""}], "calls": ["React", "Button"], "search-terms": ["EmptyState", "React component", "empty list placeholder", "UI", "button", "icon", "React JSX"], "state": 2, "file_id": 27, "knowledge_revision": 78, "git_revision": "b760309fd8ec24d9309d09c4e74a8fc0c6dc6431", "ctags": [{"_type": "tag", "name": "EmptyState", "path": "/home/kavia/workspace/code-generation/wifi-network-management-system-229868-229877/wifi_management_frontend/src/components/ui/EmptyState.js", "pattern": "/^function EmptyState({$/", "language": "JavaScript", "kind": "function", "signature": "({ title, description, actionLabel, onAction, icon, className = \"\", })"}, {"_type": "tag", "name": "[\"empty\", className]", "path": "/home/kavia/workspace/code-generation/wifi-network-management-system-229868-229877/wifi_management_frontend/src/components/ui/EmptyState.js", "pattern": "/^    <div className={[\"empty\", className].filter(Boolean).join(\" \")}>$/", "language": "JavaScript", "kind": "field", "scope": "EmptyState.AnonymousClass485ad1460101", "scopeKind": "class"}], "hash": "227eb49325fc1bc0b377bbce18573c1b", "format-version": 4, "code-base-name": "wifi_management_frontend", "filename": "wifi_management_frontend/src/components/ui/EmptyState.js", "fields": [{"name": "<div className={[\"empty\", className].filter(Boolean).join(\" \")}>", "scope": "EmptyState.AnonymousClass485ad1460101", "scopeKind": "class", "description": "unavailable"}], "revision_history": [{"78": "b760309fd8ec24d9309d09c4e74a8fc0c6dc6431"}]}