{"is_source_file": true, "file_id": 38, "git_revision": "", "state": 1, "description": "", "external_files": [], "external_methods": [], "published": [], "classes": [], "methods": [], "calls": [], "search-terms": [], "ctags": [{"_type": "tag", "name": "coerceValue", "path": "/home/kavia/workspace/code-generation/wifi-network-management-system-229868-229877/wifi_management_frontend/src/utils/featureFlags.js", "pattern": "/^function coerceValue(raw) {$/", "language": "JavaScript", "kind": "function", "signature": "(raw)"}, {"_type": "tag", "name": "getFeatureFlagBoolean", "path": "/home/kavia/workspace/code-generation/wifi-network-management-system-229868-229877/wifi_management_frontend/src/utils/featureFlags.js", "pattern": "/^export function getFeatureFlagBoolean(flagName, defaultValue = false) {$/", "language": "JavaScript", "kind": "function", "signature": "(flagName, defaultValue = false)"}, {"_type": "tag", "name": "getFeatureFlagNumber", "path": "/home/kavia/workspace/code-generation/wifi-network-management-system-229868-229877/wifi_management_frontend/src/utils/featureFlags.js", "pattern": "/^export function getFeatureFlagNumber(flagName, defaultValue = 0) {$/", "language": "JavaScript", "kind": "function", "signature": "(flagName, defaultValue = 0)"}, {"_type": "tag", "name": "getFeatureFlagString", "path": "/home/kavia/workspace/code-generation/wifi-network-management-system-229868-229877/wifi_management_frontend/src/utils/featureFlags.js", "pattern": "/^export function getFeatureFlagString(flagName, defaultValue = \"\") {$/", "language": "JavaScript", "kind": "function", "signature": "(flagName, defaultValue = \"\")"}, {"_type": "tag", "name": "getFeatureFlagValue", "path": "/home/kavia/workspace/code-generation/wifi-network-management-system-229868-229877/wifi_management_frontend/src/utils/featureFlags.js", "pattern": "/^export function getFeatureFlagValue(flagName, defaultValue = undefined) {$/", "language": "JavaScript", "kind": "function", "signature": "(flagName, defaultValue = undefined)"}, {"_type": "tag", "name": "getFeatureFlags", "path": "/home/kavia/workspace/code-generation/wifi-network-management-system-229868-229877/wifi_management_frontend/src/utils/featureFlags.js", "pattern": "/^export function getFeatureFlags() {$/", "language": "JavaScript", "kind": "function", "signature": "()"}, {"_type": "tag", "name": "isFeatureEnabled", "path": "/home/kavia/workspace/code-generation/wifi-network-management-system-229868-229877/wifi_management_frontend/src/utils/featureFlags.js", "pattern": "/^export function isFeatureEnabled(flagName, defaultValue = false) {$/", "language": "JavaScript", "kind": "function", "signature": "(flagName, defaultValue = false)"}, {"_type": "tag", "name": "parseJsonStyle", "path": "/home/kavia/workspace/code-generation/wifi-network-management-system-229868-229877/wifi_management_frontend/src/utils/featureFlags.js", "pattern": "/^function parseJsonStyle(payload) {$/", "language": "JavaScript", "kind": "function", "signature": "(payload)"}, {"_type": "tag", "name": "parseListStyle", "path": "/home/kavia/workspace/code-generation/wifi-network-management-system-229868-229877/wifi_management_frontend/src/utils/featureFlags.js", "pattern": "/^function parseListStyle(payload) {$/", "language": "JavaScript", "kind": "function", "signature": "(payload)"}], "format": "JavaScript", "hash": "0e9fd0edd17a5c6607d7dd2c55737c85", "format-version": 4, "code-base-name": "wifi_management_frontend", "filename": "wifi_management_frontend/src/utils/featureFlags.js", "knowledge_revision": 95}