{"is_source_file": true, "format": "JavaScript (React JSX)", "description": "This file defines a React functional component 'SettingsPage' that displays application settings including theme, environment details, and feature flags. It uses hooks for state management and configuration, and renders various UI elements such as buttons and badges.", "external_files": ["../components/Button", "../components/Badge", "../services", "../state/AppStateContext", "../config/env"], "external_methods": ["getApiMeta", "useAppState", "getNodeEnv", "getWsUrl"], "published": ["SettingsPage"], "classes": [], "methods": [{"name": "SettingsPage()", "description": "React component rendering the settings page with theme toggle, environment info, and feature flags.", "scope": "", "scopeKind": ""}], "calls": ["useMemo", "getApiMeta", "useAppState", "getNodeEnv", "getWsUrl"], "search-terms": ["React SettingsPage component", "feature flags UI", "theme toggle", "environment info", "API base URL", "WebSocket URL"], "state": 2, "file_id": 38, "knowledge_revision": 86, "git_revision": "a14d0d230fcbd8a01492c98ca50c827b5509367c", "ctags": [{"_type": "tag", "name": "SettingsPage", "path": "/home/kavia/workspace/code-generation/wifi-network-management-system-229868-229877/wifi_management_frontend/src/pages/SettingsPage.js", "pattern": "/^export function SettingsPage() {$/", "language": "JavaScript", "kind": "function", "signature": "()"}], "hash": "42e5ddb3a8659cdeec4f035727f28f1e", "format-version": 4, "code-base-name": "wifi_management_frontend", "filename": "wifi_management_frontend/src/pages/SettingsPage.js", "revision_history": [{"86": "a14d0d230fcbd8a01492c98ca50c827b5509367c"}]}