{"is_source_file": false, "format": "", "description": "", "external_files": [], "external_methods": [], "published": [], "classes": [], "methods": [], "calls": [], "search-terms": [], "state": 2, "file_id": 8, "knowledge_revision": 22, "git_revision": "4c1a4804e3fadbe01041f24e0d2bcea596e5e1e3", "ctags": [], "hash": "1a77571e1a8cf36018a41bcedf60db75", "format-version": 4, "code-base-name": "wifi_management_frontend", "filename": "wifi_management_frontend/src/setupTests.js", "revision_history": [{"22": "4c1a4804e3fadbe01041f24e0d2bcea596e5e1e3"}]}